pipeline_id,dataset_id,variant,cases,returned,explicit_failures,silent_failures,successes,rectangle_crossings,fov_crossings,rescued_failure_to_success,harmed_success_to_failure,silent_to_explicit,changed_transform_cases,refit_fallbacks,median_rejected_hypotheses,reproduces_cache_all,median_seconds
sift_h,ALL,fov,625,549,76,547,2,319,0,0,0,14,231,2,3481.0,,1.1539328999933787
sift_h,ALL,none,625,521,104,519,2,375,187,0,0,0,0,0,0.0,True,1.1279049000004306
sift_h,ALL,rectangle,625,625,0,623,2,0,0,0,0,0,479,12,9120.0,,1.4955964999971911
sift_h,ALL,sample_orientation,625,549,76,547,2,331,151,0,0,25,318,0,4911.0,,1.3064773000078276
sift_h,COph100,fov,491,415,76,415,0,282,0,0,0,14,144,2,2644.0,,0.8855202999984613
sift_h,COph100,none,491,416,75,416,0,314,129,0,0,0,0,0,0.0,True,0.8830955000012182
sift_h,COph100,rectangle,491,491,0,491,0,0,0,0,0,0,389,11,7426.0,,1.2061239000031492
sift_h,COph100,sample_orientation,491,431,60,431,0,275,103,0,0,20,259,0,3952.0,,1.0673754999879748
sift_h,FIRE,fov,134,134,0,132,2,37,0,0,0,0,87,0,8942.5,,1.5823509999972885
sift_h,FIRE,none,134,105,29,103,2,61,58,0,0,0,0,0,0.0,True,1.9651699499954702
sift_h,FIRE,rectangle,134,134,0,132,2,0,0,0,0,0,90,1,9462.5,,1.5923459500045283
sift_h,FIRE,sample_orientation,134,118,16,116,2,56,48,0,0,5,59,0,6973.5,,1.9475537999969674
sp_lg_h,ALL,fov,625,615,10,275,340,6,0,0,0,3,6,0,101.0,,0.09832079999614507
sp_lg_h,ALL,none,625,618,7,278,340,10,6,0,0,0,0,0,0.0,True,0.10238310000568163
sp_lg_h,ALL,rectangle,625,614,11,274,340,0,0,0,0,4,13,3,131.0,,0.10162059999129269
sp_lg_h,ALL,sample_orientation,625,619,6,279,340,11,6,0,0,0,3,0,21.0,,0.1159378000011202
sp_lg_h,COph100,fov,491,481,10,249,232,6,0,0,0,3,6,0,125.0,,0.09611250000307336
sp_lg_h,COph100,none,491,484,7,252,232,10,6,0,0,0,0,0,0.0,True,0.09943060000659898
sp_lg_h,COph100,rectangle,491,480,11,248,232,0,0,0,0,4,13,3,162.0,,0.09850350000488106
sp_lg_h,COph100,sample_orientation,491,485,6,253,232,11,6,0,0,0,3,0,26.0,,0.11363469999923836
sp_lg_h,FIRE,fov,134,134,0,26,108,0,0,0,0,0,0,0,11.0,,0.10287404999689898
sp_lg_h,FIRE,none,134,134,0,26,108,0,0,0,0,0,0,0,0.0,True,0.11452750000171363
sp_lg_h,FIRE,rectangle,134,134,0,26,108,0,0,0,0,0,0,0,13.0,,0.10883474999718601
sp_lg_h,FIRE,sample_orientation,134,134,0,26,108,0,0,0,0,0,0,0,3.0,,0.12037050000071758
xfeat_h,ALL,fov,625,625,0,342,283,1,0,0,0,0,1,0,4002.0,,1.7920623999962118
xfeat_h,ALL,none,625,625,0,342,283,2,1,0,0,0,0,0,0.0,True,2.4948755000077654
xfeat_h,ALL,rectangle,625,625,0,341,284,0,0,1,0,0,3,0,4840.0,,1.7311512999876868
xfeat_h,ALL,sample_orientation,625,625,0,342,283,2,1,0,0,0,0,0,1829.0,,2.299067899992224
xfeat_h,COph100,fov,491,491,0,317,174,1,0,0,0,0,1,0,4734.0,,1.9299815999984276
xfeat_h,COph100,none,491,491,0,317,174,2,1,0,0,0,0,0,0.0,True,2.5831364000041503
xfeat_h,COph100,rectangle,491,491,0,316,175,0,0,1,0,0,3,0,5704.0,,1.858889299997827
xfeat_h,COph100,sample_orientation,491,491,0,317,174,2,1,0,0,0,0,0,2226.0,,2.4712869000068167
xfeat_h,FIRE,fov,134,134,0,25,109,0,0,0,0,0,0,0,82.5,,0.46199754999543075
xfeat_h,FIRE,none,134,134,0,25,109,0,0,0,0,0,0,0,0.0,True,0.48031030000856845
xfeat_h,FIRE,rectangle,134,134,0,25,109,0,0,0,0,0,0,0,94.5,,0.47445494999556104
xfeat_h,FIRE,sample_orientation,134,134,0,25,109,0,0,0,0,0,0,0,20.0,,0.490942049997102
