job_id,pipeline_id,pair_id,threshold,mask_fraction,pole_crosses_estimated_fundus_mask,pole_crosses_inscribed_circle,mask_circle_agree
e72ba4a2fa2829d4,sp_lg_h,COph100/026-1/026_M_GA33_BW1700_PA36_DG11_PF0_D1_S02_6__026_M_GA33_BW1700_PA42_DG11_PF0_D1_S05_6,10,0.87087890625,True,True,True
4cc4583374a7f846,sp_lg_h,COph100/026/026_M_GA33_BW1700_PA36_DG11_PF0_D1_S02_10__026_M_GA33_BW1700_PA40_DG11_PF0_D1_S04_11,10,0.87203125,True,True,True
3968ed21e45d9ba8,sp_lg_h,COph100/033/033_M_GA30_BW1250_PA31_DG0_PF0_D1_S01_2__033_M_GA30_BW1250_PA33_DG0_PF0_D1_S02_1,10,0.8699967447916667,False,False,True
d9cae0da3a04d6af,sp_lg_h,COph100/052/052_M_GA26_BW820_PA31_DG1_PF0_D1_S01_3__052_M_GA26_BW820_PA46_DG2_PF0_D1_S07_6,10,0.880068359375,True,True,True
77518ee0f8861b97,sp_lg_h,COph100/052/052_M_GA26_BW820_PA34_DG3_PF0_D1_S04_4__052_M_GA26_BW820_PA75_DG9_PF0_D1_S08_20,10,0.8773274739583333,True,True,True
ce0f14b486d56040,sp_lg_h,COph100/055-1/055_M_GA38_BW3245_PA40_DG13_PF0_D1_S01_10__055_M_GA38_BW3245_PA44_DG13_PF0_D1_S05_6,10,0.8736360677083334,True,True,True
da1b669d55ceeb70,sp_lg_h,COph100/055-1/055_M_GA38_BW3245_PA40_DG13_PF0_D1_S01_10__055_M_GA38_BW3245_PA53_DG13_PF0_D1_S08_2,10,0.8736360677083334,True,False,False
cf804c649b733cd6,sp_lg_h,COph100/055-1/055_M_GA38_BW3245_PA40_DG13_PF0_D1_S01_10__055_M_GA38_BW3245_PA78_DG13_PF0_D1_S09_16,10,0.8736360677083334,True,True,True
a3b2e2934c364e2a,xfeat_h,COph100/055-1/055_M_GA38_BW3245_PA42_DG13_PF0_D1_S03_2__055_M_GA38_BW3245_PA78_DG13_PF0_D1_S09_16,10,0.8817903645833334,False,False,True
8ed14fb063327bae,sp_lg_h,COph100/055/055_M_GA38_BW3245_PA40_DG13_PF0_D1_S01_3__055_M_GA38_BW3245_PA53_DG13_PF0_D1_S08_7,10,0.8723307291666667,False,False,True
2541e8913ecb495c,sp_lg_h,COph100/055/055_M_GA38_BW3245_PA43_DG13_PF0_D1_S04_13__055_M_GA38_BW3245_PA78_DG13_PF0_D1_S09_6,10,0.8733203125,True,False,False
11bcaf81af6206b4,xfeat_h,COph100/055/055_M_GA38_BW3245_PA43_DG13_PF0_D1_S04_13__055_M_GA38_BW3245_PA78_DG13_PF0_D1_S09_6,10,0.8733203125,True,True,True
