job_id,pipeline_id,pipeline_label,dataset_id,dataset_category,patient_id,group_id,pair_id,operational_failure,pole_crosses_inscribed_circle,moving_image_id
e72ba4a2fa2829d4,sp_lg_h,SP/LG-H,COph100,not applicable,026,COph100/patient/026,COph100/026-1/026_M_GA33_BW1700_PA36_DG11_PF0_D1_S02_6__026_M_GA33_BW1700_PA42_DG11_PF0_D1_S05_6,True,True,COph100/026-1/026_M_GA33_BW1700_PA36_DG11_PF0_D1_S02_6
4cc4583374a7f846,sp_lg_h,SP/LG-H,COph100,not applicable,026,COph100/patient/026,COph100/026/026_M_GA33_BW1700_PA36_DG11_PF0_D1_S02_10__026_M_GA33_BW1700_PA40_DG11_PF0_D1_S04_11,True,True,COph100/026/026_M_GA33_BW1700_PA36_DG11_PF0_D1_S02_10
3968ed21e45d9ba8,sp_lg_h,SP/LG-H,COph100,not applicable,033,COph100/patient/033,COph100/033/033_M_GA30_BW1250_PA31_DG0_PF0_D1_S01_2__033_M_GA30_BW1250_PA33_DG0_PF0_D1_S02_1,True,False,COph100/033/033_M_GA30_BW1250_PA31_DG0_PF0_D1_S01_2
d9cae0da3a04d6af,sp_lg_h,SP/LG-H,COph100,not applicable,052,COph100/patient/052,COph100/052/052_M_GA26_BW820_PA31_DG1_PF0_D1_S01_3__052_M_GA26_BW820_PA46_DG2_PF0_D1_S07_6,True,True,COph100/052/052_M_GA26_BW820_PA31_DG1_PF0_D1_S01_3
77518ee0f8861b97,sp_lg_h,SP/LG-H,COph100,not applicable,052,COph100/patient/052,COph100/052/052_M_GA26_BW820_PA34_DG3_PF0_D1_S04_4__052_M_GA26_BW820_PA75_DG9_PF0_D1_S08_20,True,True,COph100/052/052_M_GA26_BW820_PA34_DG3_PF0_D1_S04_4
ce0f14b486d56040,sp_lg_h,SP/LG-H,COph100,not applicable,055,COph100/patient/055,COph100/055-1/055_M_GA38_BW3245_PA40_DG13_PF0_D1_S01_10__055_M_GA38_BW3245_PA44_DG13_PF0_D1_S05_6,True,True,COph100/055-1/055_M_GA38_BW3245_PA40_DG13_PF0_D1_S01_10
da1b669d55ceeb70,sp_lg_h,SP/LG-H,COph100,not applicable,055,COph100/patient/055,COph100/055-1/055_M_GA38_BW3245_PA40_DG13_PF0_D1_S01_10__055_M_GA38_BW3245_PA53_DG13_PF0_D1_S08_2,True,False,COph100/055-1/055_M_GA38_BW3245_PA40_DG13_PF0_D1_S01_10
cf804c649b733cd6,sp_lg_h,SP/LG-H,COph100,not applicable,055,COph100/patient/055,COph100/055-1/055_M_GA38_BW3245_PA40_DG13_PF0_D1_S01_10__055_M_GA38_BW3245_PA78_DG13_PF0_D1_S09_16,True,True,COph100/055-1/055_M_GA38_BW3245_PA40_DG13_PF0_D1_S01_10
8ed14fb063327bae,sp_lg_h,SP/LG-H,COph100,not applicable,055,COph100/patient/055,COph100/055/055_M_GA38_BW3245_PA40_DG13_PF0_D1_S01_3__055_M_GA38_BW3245_PA53_DG13_PF0_D1_S08_7,True,False,COph100/055/055_M_GA38_BW3245_PA40_DG13_PF0_D1_S01_3
2541e8913ecb495c,sp_lg_h,SP/LG-H,COph100,not applicable,055,COph100/patient/055,COph100/055/055_M_GA38_BW3245_PA43_DG13_PF0_D1_S04_13__055_M_GA38_BW3245_PA78_DG13_PF0_D1_S09_6,True,False,COph100/055/055_M_GA38_BW3245_PA43_DG13_PF0_D1_S04_13
a3b2e2934c364e2a,xfeat_h,XFeat-H,COph100,not applicable,055,COph100/patient/055,COph100/055-1/055_M_GA38_BW3245_PA42_DG13_PF0_D1_S03_2__055_M_GA38_BW3245_PA78_DG13_PF0_D1_S09_16,True,False,COph100/055-1/055_M_GA38_BW3245_PA42_DG13_PF0_D1_S03_2
11bcaf81af6206b4,xfeat_h,XFeat-H,COph100,not applicable,055,COph100/patient/055,COph100/055/055_M_GA38_BW3245_PA43_DG13_PF0_D1_S04_13__055_M_GA38_BW3245_PA78_DG13_PF0_D1_S09_6,True,True,COph100/055/055_M_GA38_BW3245_PA43_DG13_PF0_D1_S04_13
