sampling_domain,guard_domain,pipeline_label,feature_arm_label,assignments,reversals,median_brier,median_raw_auroc,median_calibrated_auroc,worst_raw_auroc,brier_no_worse_than_original,median_paired_brier_difference,min_paired_brier_difference,max_paired_brier_difference
FOV,FOV,SP/LG-H,+Stability,21,0,0.1542044741942238,0.8386192392155223,0.8536585295899619,0.8124030795542367,16,-4.627534932521993e-06,-0.0001363175773404779,2.352402621200178e-05
FOV,FOV,SP/LG-H,Base,21,0,0.1536065255195579,0.8384765884695969,0.8563202793381186,0.7999655328246714,17,-7.469419033595548e-06,-0.01556488600614861,0.00034191757015020197
FOV,FOV,XFeat-H,+Stability,21,0,0.1691506097620584,0.8351151381301373,0.8296344006250155,0.76563296580195,16,-0.00028121745749640215,-0.022985299501852796,3.40751377722881e-05
FOV,FOV,XFeat-H,Base,21,0,0.1688067596119265,0.833132041311106,0.8281040349321316,0.8133194091761821,18,-0.013397720006671998,-0.030654609424569407,0.0027163725312648046
FOV,rectangle,SP/LG-H,+Stability,21,0,0.1542152158808661,0.837796139080895,0.8537215810481396,0.8125202014482791,13,-1.0134558391300397e-05,-0.0002010914467318048,0.003706067035855881
FOV,rectangle,SP/LG-H,Base,21,0,0.1535769284763595,0.8384569966304032,0.8558791905390905,0.8004249998948539,15,-3.365871295557543e-05,-0.015553950879532819,0.00033633577883948607
FOV,rectangle,XFeat-H,+Stability,21,0,0.1688575177574589,0.8343774423011437,0.8297019635297938,0.8009071637106402,16,-0.00032330500537630646,-0.02283135177245829,2.3028871006580687e-05
FOV,rectangle,XFeat-H,Base,21,0,0.1688084252056563,0.8326452966397402,0.8281524528041062,0.8133121037656261,18,-0.013397993295768712,-0.030644853610845707,0.0028941778542972973
rectangle,FOV,SP/LG-H,+Stability,21,0,0.1543086199078928,0.838684291090144,0.8537354655794899,0.8124115429839295,14,-1.972429232388606e-06,-1.4272055683106633e-05,7.02737955010635e-06
rectangle,FOV,SP/LG-H,Base,21,1,0.1536679891599497,0.8356887410516352,0.8562510651982128,0.8003335331062826,10,4.655394819641501e-08,-3.113998611900537e-05,2.6101979330700464e-05
rectangle,FOV,XFeat-H,+Stability,21,6,0.1732549523757603,0.8348018187200422,0.820684585407611,0.7656414382403559,13,-5.905913982029443e-07,-0.005633018032177889,0.00014486600145902084
rectangle,FOV,XFeat-H,Base,21,13,0.1795134031641016,0.8328532250334454,0.7877507660215916,0.8130940717200108,15,-4.430413941300393e-05,-0.008045321619223111,0.00026080600277109123
rectangle,rectangle,SP/LG-H,+Stability,21,0,0.1542194530912459,0.8379032467852879,0.8536367584134184,0.8126208938965075,13,-3.564499038793967e-06,-0.00013058437399138256,0.0037218252095342907
rectangle,rectangle,SP/LG-H,Base,21,0,0.153643754761362,0.8384662063486111,0.8558861724902298,0.800471860692637,16,-1.5015713140609233e-05,-0.015586505218119912,3.584006040910359e-05
rectangle,rectangle,XFeat-H,+Stability,21,0,0.1709041377061933,0.8343614485060834,0.8290507567386141,0.765640025401522,15,-0.00026080669606018403,-0.02296383181208561,0.0015325759778506975
rectangle,rectangle,XFeat-H,Base,21,0,0.1694468877623234,0.8325868855174763,0.8282063497339984,0.8134349173657295,18,-0.011825813447233213,-0.030639204963043398,0.00022748831176841455
