pipeline,pipeline_label,feature_arm,feature_arm_label,treatment,treatment_label,assignments,reversals,median_brier,median_raw_auroc,median_calibrated_auroc,worst_raw_auroc,brier_no_worse_than_original,median_paired_brier_difference,min_paired_brier_difference,max_paired_brier_difference
sp_lg_h,SP/LG-H,non_stability,Base,curvature_clipped,Clip,21,0,0.1536660814952173,0.8356884585449417,0.8562490876513583,0.8006325381906756,12,-9.694942551541352e-08,-0.015589893837177404,7.882697040301201e-06
sp_lg_h,SP/LG-H,non_stability_e1_e2,+Stability,curvature_clipped,Clip,21,0,0.1543110224323606,0.838594114953581,0.8536733706082601,0.8124047628232857,11,-6.816342518201068e-09,-2.938214598019462e-05,1.0012869171099892e-05
xfeat_h,XFeat-H,non_stability,Base,curvature_clipped,Clip,21,0,0.1687707535021084,0.8330869706036532,0.8281282369762223,0.7695934373278709,20,-0.011824730357805513,-0.03064422609172812,1.0406678480068265e-06
xfeat_h,XFeat-H,non_stability_e1_e2,+Stability,curvature_clipped,Clip,21,0,0.1691258886601042,0.8343332468645783,0.8294577576356096,0.7656404733748108,16,-0.0002815541918415043,-0.022989332793140888,2.441319488899474e-06
sp_lg_h,SP/LG-H,non_stability,Base,curvature_removed,Remove,21,0,0.1536576184155279,0.8385014490586244,0.8562846834947384,0.8004243849046875,19,-1.5322944360102175e-05,-0.015577590789804308,5.2658535275862395e-06
sp_lg_h,SP/LG-H,non_stability_e1_e2,+Stability,curvature_removed,Remove,21,0,0.1542032546124581,0.8379130544759971,0.8536559587790511,0.8124030795542367,15,-1.1495813360601348e-05,-0.0001602290622299829,0.0019213938470805936
xfeat_h,XFeat-H,non_stability,Base,curvature_removed,Remove,21,0,0.1687563751836603,0.8331019352087985,0.8281398153627639,0.8133613946111895,19,-0.013404437015313214,-0.030641471911248913,0.0027101405856751193
xfeat_h,XFeat-H,non_stability_e1_e2,+Stability,curvature_removed,Remove,21,0,0.1691187047966571,0.8350982805506842,0.8297059385132911,0.7656979793613014,20,-0.0002858509530175024,-0.022990311062842606,2.360450562899352e-06
sp_lg_h,SP/LG-H,non_stability,Base,fov_curvature,FOV-only curvature,21,0,0.1536591129675792,0.8384751759361296,0.8562490876513583,0.8004243849046875,17,-1.58068672172218e-05,-0.015580248233351607,4.732445188504464e-06
sp_lg_h,SP/LG-H,non_stability_e1_e2,+Stability,fov_curvature,FOV-only curvature,21,0,0.1541978913800792,0.8378934791163605,0.8536559587790511,0.8124030795542367,12,-5.423298614803951e-06,-0.00015730890451848278,0.0019366287946881167
xfeat_h,XFeat-H,non_stability,Base,fov_curvature,FOV-only curvature,21,11,0.1780822277235907,0.8327943797216862,0.8021095715390928,0.8130277716732657,15,-0.00027780189407100586,-0.023773233398721505,0.024107078024307005
xfeat_h,XFeat-H,non_stability_e1_e2,+Stability,fov_curvature,FOV-only curvature,21,6,0.1728701171355034,0.8348292898204919,0.8206774178349899,0.7656342063433651,16,-1.3865197744988844e-05,-0.015034159417816495,0.0004584513246117805
sp_lg_h,SP/LG-H,non_stability,Base,fov_guard_on_fov,FOV curvature + FOV guard,21,0,0.1536065255195579,0.8384765884695969,0.8563202793381186,0.7999655328246714,17,-7.469419033595548e-06,-0.01556488600614861,0.00034191757015020197
sp_lg_h,SP/LG-H,non_stability_e1_e2,+Stability,fov_guard_on_fov,FOV curvature + FOV guard,21,0,0.1542044741942238,0.8386192392155223,0.8536585295899619,0.8124030795542367,16,-4.627534932521993e-06,-0.0001363175773404779,2.352402621200178e-05
xfeat_h,XFeat-H,non_stability,Base,fov_guard_on_fov,FOV curvature + FOV guard,21,0,0.1688067596119265,0.833132041311106,0.8281040349321316,0.8133194091761821,18,-0.013397720006671998,-0.030654609424569407,0.0027163725312648046
xfeat_h,XFeat-H,non_stability_e1_e2,+Stability,fov_guard_on_fov,FOV curvature + FOV guard,21,0,0.1691506097620584,0.8351151381301373,0.8296344006250155,0.76563296580195,16,-0.00028121745749640215,-0.022985299501852796,3.40751377722881e-05
sp_lg_h,SP/LG-H,non_stability,Base,fov_guard_on_rectangle,Rectangle curvature + FOV guard,21,1,0.1536679891599497,0.8356887410516352,0.8562510651982128,0.8003335331062826,10,4.655394819641501e-08,-3.113998611900537e-05,2.6101979330700464e-05
sp_lg_h,SP/LG-H,non_stability_e1_e2,+Stability,fov_guard_on_rectangle,Rectangle curvature + FOV guard,21,0,0.1543086199078928,0.838684291090144,0.8537354655794899,0.8124115429839295,14,-1.972429232388606e-06,-1.4272055683106633e-05,7.02737955010635e-06
xfeat_h,XFeat-H,non_stability,Base,fov_guard_on_rectangle,Rectangle curvature + FOV guard,21,13,0.1795134031641016,0.8328532250334454,0.7877507660215916,0.8130940717200108,15,-4.430413941300393e-05,-0.008045321619223111,0.00026080600277109123
xfeat_h,XFeat-H,non_stability_e1_e2,+Stability,fov_guard_on_rectangle,Rectangle curvature + FOV guard,21,6,0.1732549523757603,0.8348018187200422,0.820684585407611,0.7656414382403559,13,-5.905913982029443e-07,-0.005633018032177889,0.00014486600145902084
sp_lg_h,SP/LG-H,non_stability,Base,original,Original,21,1,0.1536705554917004,0.8356884585449417,0.8562490876513584,0.800774921564196,21,0.0,0.0,0.0
sp_lg_h,SP/LG-H,non_stability_e1_e2,+Stability,original,Original,21,0,0.1543118640940068,0.838684291090144,0.8537172438977596,0.8124115429839295,21,0.0,0.0,0.0
xfeat_h,XFeat-H,non_stability,Base,original,Original,21,13,0.1796524579723486,0.8325036955978204,0.7874591285186752,0.7690101623220381,21,0.0,0.0,0.0
xfeat_h,XFeat-H,non_stability_e1_e2,+Stability,original,Original,21,6,0.1733959389413036,0.8339200089979347,0.820684585407611,0.7656414382403559,21,0.0,0.0,0.0
sp_lg_h,SP/LG-H,non_stability,Base,original_isotonic,Original + isotonic,21,0,0.1641667866291377,0.8356884585449417,0.851820581736513,0.800774921564196,6,0.007624478543315799,-0.013882074721915216,0.023082623459604296
sp_lg_h,SP/LG-H,non_stability_e1_e2,+Stability,original_isotonic,Original + isotonic,21,0,0.1614613323793635,0.838684291090144,0.8498307508856578,0.8124115429839295,3,0.009897850482736004,-0.009291778829965902,0.026590259139040506
xfeat_h,XFeat-H,non_stability,Base,original_isotonic,Original + isotonic,21,0,0.1706094115641733,0.8325036955978204,0.8184692291082203,0.7690101623220381,17,-0.008559476632750307,-0.02980878341777679,0.008762634640014894
xfeat_h,XFeat-H,non_stability_e1_e2,+Stability,original_isotonic,Original + isotonic,21,0,0.1699521339388684,0.8339200089979347,0.8171250311045087,0.7656414382403559,12,-0.0017652911784147018,-0.022463201340228,0.010571627622227298
sp_lg_h,SP/LG-H,non_stability,Base,pole_guard,Rectangle guard,21,0,0.153643754761362,0.8384662063486111,0.8558861724902298,0.800471860692637,16,-1.5015713140609233e-05,-0.015586505218119912,3.584006040910359e-05
sp_lg_h,SP/LG-H,non_stability_e1_e2,+Stability,pole_guard,Rectangle guard,21,0,0.1542194530912459,0.8379032467852879,0.8536367584134184,0.8126208938965075,13,-3.564499038793967e-06,-0.00013058437399138256,0.0037218252095342907
xfeat_h,XFeat-H,non_stability,Base,pole_guard,Rectangle guard,21,0,0.1694468877623234,0.8325868855174763,0.8282063497339984,0.8134349173657295,18,-0.011825813447233213,-0.030639204963043398,0.00022748831176841455
xfeat_h,XFeat-H,non_stability_e1_e2,+Stability,pole_guard,Rectangle guard,21,0,0.1709041377061933,0.8343614485060834,0.8290507567386141,0.765640025401522,15,-0.00026080669606018403,-0.02296383181208561,0.0015325759778506975
sp_lg_h,SP/LG-H,non_stability,Base,rectangle_guard_on_fov,FOV curvature + rectangle guard,21,0,0.1535769284763595,0.8384569966304032,0.8558791905390905,0.8004249998948539,15,-3.365871295557543e-05,-0.015553950879532819,0.00033633577883948607
sp_lg_h,SP/LG-H,non_stability_e1_e2,+Stability,rectangle_guard_on_fov,FOV curvature + rectangle guard,21,0,0.1542152158808661,0.837796139080895,0.8537215810481396,0.8125202014482791,13,-1.0134558391300397e-05,-0.0002010914467318048,0.003706067035855881
xfeat_h,XFeat-H,non_stability,Base,rectangle_guard_on_fov,FOV curvature + rectangle guard,21,0,0.1688084252056563,0.8326452966397402,0.8281524528041062,0.8133121037656261,18,-0.013397993295768712,-0.030644853610845707,0.0028941778542972973
xfeat_h,XFeat-H,non_stability_e1_e2,+Stability,rectangle_guard_on_fov,FOV curvature + rectangle guard,21,0,0.1688575177574589,0.8343774423011437,0.8297019635297938,0.8009071637106402,16,-0.00032330500537630646,-0.02283135177245829,2.3028871006580687e-05
