requested_clearance,measured_clearance,grid_size,bending_energy
0.001,0.0009999999999999053,16,706253.4203904216
0.001,0.0009999999999999053,32,21304405.388439856
0.001,0.0009999999999999053,64,624003753.1786516
0.0010901844923851278,0.0010901844923851608,16,699254.9593819594
0.0010901844923851278,0.0010901844923851608,32,20880383.9460755
0.0010901844923851278,0.0010901844923851608,64,599755653.9233811
0.001188502227437019,0.0011885022274371162,16,691726.9033890553
0.001188502227437019,0.0011885022274371162,32,20430313.508250456
0.001188502227437019,0.0011885022274371162,64,574665457.7737663
0.0012956866975170189,0.0012956866975169488,16,683638.5650040382
0.0012956866975170189,0.0012956866975169488,32,19953655.164535604
0.0012956866975170189,0.0012956866975169488,64,548808016.9872804
0.001412537544622754,0.0014125375446225935,16,674959.1531711869
0.001412537544622754,0.0014125375446225935,32,19450044.821991816
0.001412537544622754,0.0014125375446225935,64,522273498.5220847
0.001539926526059492,0.0015399265260593459,16,665658.1235978996
0.001539926526059492,0.0015399265260593459,32,18919325.246099368
0.001539926526059492,0.0015399265260593459,64,495167432.6553718
0.0016788040181225606,0.0016788040181225047,16,655705.5943433146
0.0016788040181225606,0.0016788040181225047,32,18361579.287236378
0.0016788040181225606,0.0016788040181225047,64,467610333.2634592
0.0018302061063110568,0.0018302061063110442,16,645072.8314099081
0.0018302061063110568,0.0018302061063110442,32,17777163.49316647
0.0018302061063110568,0.0018302061063110442,64,439736832.7904762
0.001995262314968879,0.001995262314968895,16,633732.8081173007
0.001995262314968879,0.001995262314968895,32,17166741.092070863
0.001995262314968879,0.001995262314968895,64,411694289.0397518
0.002175204034019522,0.002175204034019433,16,621660.8405058177
0.002175204034019522,0.002175204034019433,32,16531313.109202588
0.002175204034019522,0.002175204034019433,64,383640840.87147415
0.0023713737056616554,0.0023713737056616536,16,608835.2989174175
0.0023713737056616554,0.0023713737056616536,32,15872246.16665934
0.0023713737056616554,0.0023713737056616536,64,355742915.4456798
0.002585234839562191,0.0025852348395621833,16,595238.3931582399
0.002585234839562191,0.0025852348395621833,32,15191295.327448785
0.002585234839562191,0.0025852348395621833,64,328172219.95381147
0.002818382931264455,0.0028183829312644956,16,580857.0251991027
0.002818382931264455,0.0028183829312644956,32,14490620.202987295
0.002818382931264455,0.0028183829312644956,64,301102284.2963214
0.0030725573652674453,0.0030725573652674305,16,565683.6991876634
0.0030725573652674453,0.0030725573652674305,32,13772792.471507873
0.0030725573652674453,0.0030725573652674305,64,274704655.68307793
0.003349654391578276,0.003349654391578294,16,549717.4736362187
0.003349654391578276,0.003349654391578294,32,13040792.978701968
0.003349654391578276,0.003349654391578294,64,249144878.8690006
0.003651741272548377,0.0036517412725484213,16,532964.9350834435
0.003651741272548377,0.0036517412725484213,32,12297996.736038914
0.003651741272548377,0.0036517412725484213,64,224578423.5566155
0.003981071705534973,0.003981071705535029,16,515441.1664484021
0.003981071705534973,0.003981071705535029,32,11548144.417039188
0.003981071705534973,0.003981071705535029,64,201146740.19587272
0.00434010263644744,0.004340102636447455,16,497170.67693917116
0.00434010263644744,0.004340102636447455,32,10795299.390803441
0.00434010263644744,0.004340102636447455,64,178973634.12945724
0.0047315125896148025,0.004731512589614678,16,478188.254088448
0.0047315125896148025,0.004731512589614678,32,10043789.92739166
0.0047315125896148025,0.004731512589614678,64,158162143.63769096
0.0051582216507230555,0.005158221650723097,16,458539.6927198412
0.0051582216507230555,0.005158221650723097,32,9298136.948658392
0.0051582216507230555,0.005158221650723097,64,138792088.91882047
0.005623413251903491,0.005623413251903513,16,438282.35096895386
0.005623413251903491,0.005623413251903513,32,8562968.550925266
0.005623413251903491,0.005623413251903513,64,120918426.77435474
0.0061305579214982085,0.006130557921498241,16,417485.4805507787
0.0061305579214982085,0.006130557921498241,32,7842923.443826707
0.0061305579214982085,0.006130557921498241,64,104570501.6310665
0.006683439175686149,0.006683439175686204,16,396230.27799800347
0.006683439175686149,0.006683439175686204,32,7142546.366943918
0.006683439175686149,0.006683439175686204,64,89752230.81280783
0.0072861817451322745,0.0072861817451321444,16,374609.6063118318
0.0072861817451322745,0.0072861817451321444,32,6466179.382929992
0.0072861817451322745,0.0072861817451321444,64,76443205.07927382
0.007943282347242814,0.007943282347242831,16,352727.3430110457
0.007943282347242814,0.007943282347242831,32,5817853.6164873205
0.007943282347242814,0.007943282347242831,64,64600629.413800806
0.008659643233600654,0.008659643233600717,16,330697.3214073809
0.008659643233600654,0.008659643233600717,32,5201186.428906767
0.008659643233600654,0.008659643233600717,64,54161978.94555044
0.009440608762859235,0.00944060876285928,16,308641.8472678431
0.009440608762859235,0.00944060876285928,32,4619289.117271442
0.009440608762859235,0.00944060876285928,64,45048205.225830466
0.010292005271944281,0.01029200527194428,16,286689.79265506414
0.010292005271944281,0.01029200527194428,32,4074689.959339164
0.010292005271944281,0.01029200527194428,64,37167302.20166293
0.011220184543019636,0.011220184543019509,16,264974.2920003879
0.011220184543019636,0.011220184543019509,32,3569276.7764951466
0.011220184543019636,0.011220184543019509,64,30418030.968813024
0.012232071190499313,0.012232071190499278,16,243630.09117331554
0.012232071190499313,0.012232071190499278,32,3104262.1842604503
0.012232071190499313,0.012232071190499278,64,24693607.86072485
0.01333521432163324,0.013335214321633232,16,222790.62676290888
0.01333521432163324,0.013335214321633232,32,2680173.4092359776
0.01333521432163324,0.013335214321633232,64,19885180.112630114
0.014537843856076614,0.014537843856076654,16,202584.9378452125
0.014537843856076614,0.014537843856076654,32,2296867.075223407
0.014537843856076614,0.014537843856076654,64,15884944.34015973
0.015848931924611134,0.015848931924611086,16,183134.53376759304
0.015848931924611134,0.015848931924611086,32,1953567.8271433664
0.015848931924611134,0.015848931924611086,64,12588801.577211458
0.017278259805078636,0.01727825980507868,16,164550.3564955814
0.017278259805078636,0.01727825980507868,32,1648928.207657386
0.017278259805078636,0.01727825980507868,64,9898484.427327314
0.018836490894898,0.01883649089489809,16,146929.98266000103
0.018836490894898,0.01883649089489809,32,1381105.9605173562
0.018836490894898,0.01883649089489809,64,7723132.935606835
0.02053525026457146,0.020535250264571307,16,130355.2070078975
0.02053525026457146,0.020535250264571307,32,1147854.0166540868
0.02053525026457146,0.020535250264571307,64,5980332.617149912
0.02238721138568339,0.02238721138568341,16,114890.13475432445
0.02238721138568339,0.02238721138568341,32,946617.8980005591
0.02238721138568339,0.02238721138568341,64,4596658.129310326
0.0244061906804198,0.024406190680419763,16,100579.88567606894
0.0244061906804198,0.024406190680419763,32,774635.1798942456
0.0244061906804198,0.024406190680419763,64,3507787.8658224214
0.0266072505979881,0.02660725059798804,16,87449.9791500937
0.0266072505979881,0.02660725059798804,32,629031.9691259188
0.0266072505979881,0.02660725059798804,64,2658267.866212487
0.02900681198693153,0.02900681198693134,16,75506.42925789182
0.02900681198693153,0.02900681198693134,32,506912.0228670157
0.02900681198693153,0.02900681198693134,64,2001008.388894943
0.03162277660168379,0.03162277660168383,16,64736.53592566715
0.03162277660168379,0.03162277660168383,32,405435.06325097254
0.03162277660168379,0.03162277660168383,64,1496594.5052980995
0.03447466065731493,0.03447466065731493,16,55110.315685319205
0.03447466065731493,0.03447466065731493,32,321881.924073162
0.03447466065731493,0.03447466065731493,64,1112484.7747912628
0.037583740428844416,0.03758374042884448,16,46582.47786401925
0.037583740428844416,0.03758374042884448,32,253705.28673526266
0.037583740428844416,0.03758374042884448,64,822161.24977351
0.040973210981354154,0.040973210981354105,16,39094.82221242531
0.040973210981354154,0.040973210981354105,32,198565.81880089117
0.040973210981354154,0.040973210981354105,64,604281.4537871325
0.0446683592150963,0.044668359215096216,16,32578.91465139641
0.0446683592150963,0.044668359215096216,32,154354.4375339296
0.0446683592150963,0.044668359215096216,64,441870.04426400445
0.04869675251658631,0.048696752516586346,16,26958.890267966217
0.04869675251658631,0.048696752516586346,32,119202.12698811393
0.04869675251658631,0.048696752516586346,64,321575.7438719347
0.05308844442309882,0.053088444423098846,16,22154.236941809213
0.05308844442309882,0.053088444423098846,32,91479.21442250084
0.05308844442309882,0.053088444423098846,64,233008.55465737477
0.05787619883491206,0.05787619883491203,16,18082.42781787125
0.05787619883491206,0.05787619883491203,32,69786.26125959397
0.05787619883491206,0.05787619883491203,64,168163.65955630172
0.0630957344480193,0.06309573444801922,16,14661.294036332616
0.0630957344480193,0.06309573444801922,32,52938.7689730064
0.0630957344480193,0.06309573444801922,64,120931.87443109832
0.06878599123088075,0.06878599123088065,16,11811.057803077383
0.06878599123088075,0.06878599123088065,32,39947.779952646524
0.06878599123088075,0.06878599123088065,64,86691.93000770177
0.07498942093324558,0.07498942093324545,16,9455.976890571139
0.07498942093324558,0.07498942093324545,32,29998.214068436726
0.07498942093324558,0.07498942093324545,64,61976.985838850305
0.08175230379436497,0.08175230379436496,16,7525.58199795962
0.08175230379436497,0.08175230379436496,32,22426.470755435654
0.08175230379436497,0.08175230379436496,64,44206.28587189086
0.08912509381337455,0.0891250938133745,16,5955.515538314819
0.08912509381337455,0.0891250938133745,32,16698.486875585055
0.08912509381337455,0.0891250938133745,64,31472.41995604831
0.09716279515771058,0.09716279515771062,16,4688.002524640375
0.09716279515771058,0.09716279515771062,32,12389.10721307516
0.09716279515771058,0.09716279515771062,64,22374.943187449164
0.10592537251772886,0.10592537251772885,16,3672.0002576243087
0.10592537251772886,0.10592537251772885,32,9163.32234372286
0.10592537251772886,0.10592537251772885,64,15891.856463225187
0.11547819846894582,0.11547819846894583,16,2863.083222290727
0.11547819846894582,0.11547819846894583,32,6759.673124955865
0.11547819846894582,0.11547819846894583,64,11281.453406498389
0.12589254117941676,0.12589254117941678,16,2223.1233912311004
0.12589254117941676,0.12589254117941678,32,4975.918890622052
0.12589254117941676,0.12589254117941678,64,8008.132906809308
0.1372460961007561,0.13724609610075622,16,1719.8249144211509
0.1372460961007561,0.13724609610075622,32,3656.9175101853907
0.1372460961007561,0.13724609610075622,64,5686.854724870191
0.1496235656094433,0.14962356560944326,16,1326.1671443520938
0.1496235656094433,0.14962356560944326,32,2684.564964150539
0.1496235656094433,0.14962356560944326,64,4041.9108795890534
0.1631172909227838,0.16311729092278396,16,1019.802389062872
0.1631172909227838,0.16311729092278396,32,1969.58242203165
0.1631172909227838,0.16311729092278396,64,2876.562337527193
0.1778279410038923,0.17782794100389226,16,782.4459253769783
0.1778279410038923,0.17782794100389226,32,1444.9113073057747
0.1778279410038923,0.17782794100389226,64,2050.8358412825664
0.19386526359522077,0.19386526359522052,16,599.2866781870498
0.19386526359522077,0.19386526359522052,32,1060.4729378641814
0.19386526359522077,0.19386526359522052,64,1465.3913742190564
0.21134890398366454,0.21134890398366452,16,458.4383706833054
0.21134890398366454,0.21134890398366452,32,779.0613951732424
0.21134890398366454,0.21134890398366452,64,1049.8674202351563
0.23040929760558446,0.23040929760558415,16,350.4434033165451
0.23040929760558446,0.23040929760558415,32,573.1599811671031
0.23040929760558446,0.23040929760558415,64,754.5039057041781
0.25118864315095796,0.25118864315095774,16,267.83550988354693
0.25118864315095796,0.25118864315095774,32,422.49809692517033
0.25118864315095796,0.25118864315095774,64,544.1479725347405
0.27384196342643613,0.2738419634264362,16,204.7624489152674
0.27384196342643613,0.2738419634264362,32,312.19312096224996
0.27384196342643613,0.2738419634264362,64,393.9815023872381
0.298538261891796,0.29853826189179616,16,156.66654953170607
0.298538261891796,0.29853826189179616,32,231.34855810263372
0.298538261891796,0.29853826189179616,64,286.48602328392263
0.32546178349804566,0.3254617834980457,16,120.01867909389347
0.32546178349804566,0.3254617834980457,32,172.0039959024187
0.32546178349804566,0.3254617834980457,64,209.29269311616048
0.3548133892335753,0.35481338923357536,16,92.09992241512549
0.3548133892335753,0.35481338923357536,32,128.35357046630298
0.3548133892335753,0.35481338923357536,64,153.6627643427894
0.38681205463305207,0.3868120546330522,16,70.82473406103874
0.38681205463305207,0.3868120546330522,32,96.16752118510543
0.38681205463305207,0.3868120546330522,64,113.41558990620956
0.4216965034285822,0.4216965034285822,16,54.59933505272615
0.4216965034285822,0.4216965034285822,32,72.36613017518172
0.4216965034285822,0.4216965034285822,64,84.17337145738915
0.4597269885308723,0.45972698853087235,16,42.209490563090974
0.4597269885308723,0.45972698853087235,32,54.707200350122605
0.4597269885308723,0.45972698853087235,64,62.82953316979524
0.501187233627272,0.5011872336272718,16,32.73237891905023
0.501187233627272,0.5011872336272718,32,41.557611091638805
0.501187233627272,0.5011872336272718,64,47.1746746012474
0.546386549881854,0.5463865498818543,16,25.467933369326243
0.546386549881854,0.5463865498818543,32,31.72680537298637
0.546386549881854,0.5463865498818543,64,35.63340171109337
0.5956621435290104,0.5956621435290105,16,19.88572830287916
0.5956621435290104,0.5956621435290105,32,24.345689088935877
0.5956621435290104,0.5956621435290105,64,27.079098449901544
0.6493816315762113,0.6493816315762111,16,15.584139877232126
0.6493816315762113,0.6493816315762111,32,18.77870295148287
0.6493816315762113,0.6493816315762111,64,20.70345564002932
0.707945784384138,0.7079457843841381,16,12.259107644934524
0.707945784384138,0.7079457843841381,32,14.560050447350672
0.707945784384138,0.7079457843841381,64,15.924464648101196
0.7717915155850119,0.7717915155850119,16,9.68034469057882
0.7717915155850119,0.7717915155850119,32,11.347472342634578
0.7717915155850119,0.7717915155850119,64,12.321438328653674
0.8413951416451948,0.8413951416451949,16,7.673285665602064
0.8413951416451948,0.8413951416451949,32,8.888742654471253
0.8413951416451948,0.8413951416451949,64,9.58903508992507
0.9172759353897794,0.9172759353897796,16,6.105428364944332
0.9172759353897794,0.9172759353897796,32,6.997375668561135
0.9172759353897794,0.9172759353897796,64,7.504657864022791
1.0,0.9999999999999997,16,4.876022378522523
1.0,0.9999999999999997,32,5.534997013137994
1.0,0.9999999999999997,64,5.905279587195194
