dataset_id,pipeline_id,attempted_pairs,returned_homographies,no_returned_homography,in_frame_denominator_crossings,crossing_fraction,crossing_wilson95_low,crossing_wilson95_high,median_min_abs_sampled_denominator_among_crossings,zero_sampled_denominators_among_crossings
HPatches,ground_truth,580,580,0,1,0.0017241379310344827,0.00030441754316943345,0.009700796599199514,7.159663751301823e-07,0
HPatches,sift_h,580,249,331,215,0.8634538152610441,0.8152494282599986,0.9006141838399401,1.3402610130816561e-06,0
HPatches,sp_lg_h,580,574,6,8,0.013937282229965157,0.007078785711842778,0.027258416158698298,8.070502553330109e-07,0
HPatches,xfeat_h,580,576,4,11,0.019097222222222224,0.010696418565425279,0.0338700028719993,9.872450290522063e-07,0
MegaDepth-1500,sift_h,1500,477,1023,461,0.9664570230607966,0.9462115721194959,0.9792493918568665,1.71984621913715e-06,0
MegaDepth-1500,sp_lg_h,1500,1486,14,5,0.0033647375504710633,0.0014380449625829442,0.007852513263424898,1.833386308159636e-06,0
MegaDepth-1500,xfeat_h,1500,1488,12,77,0.05174731182795699,0.04160176402701131,0.06420134118060797,1.1210596858987794e-06,0
Retinal,sift_h,625,521,104,375,0.7197696737044146,0.6797047203443288,0.7566175178312858,2.569784465485852e-06,0
Retinal,sp_lg_h,625,618,7,10,0.016181229773462782,0.008812635600901796,0.02952745652790033,1.2498694944060686e-06,0
Retinal,xfeat_h,625,625,0,2,0.0032,0.0008779945043436042,0.011591696720213547,3.0654546266690053e-06,0
ScanNet-1500,sift_h,1500,1360,140,1275,0.9375,0.9233620448216717,0.9491733897800789,1.3298010455236415e-06,0
ScanNet-1500,sp_lg_h,1500,1467,33,164,0.11179277436946149,0.09667095566055971,0.12894238752515746,1.0237209171329092e-06,0
ScanNet-1500,xfeat_h,1500,1488,12,173,0.11626344086021505,0.10095598097242478,0.13354712708387295,1.1807713890003499e-06,0
