seed,pipeline,feature_arm,treatment,pooled_raw_auroc,pooled_calibrated_auroc,pooled_brier
20260907,sp_lg_h,non_stability,curvature_clipped,0.8384845834090228,0.8386959107249741,0.16227679797255307
20260907,sp_lg_h,non_stability,curvature_removed,0.8385014490586244,0.8387017727388639,0.162280645194328
20260907,sp_lg_h,non_stability,fov_curvature,0.8384751759361296,0.8386963344850143,0.1622790469075779
20260907,sp_lg_h,non_stability,fov_guard_on_fov,0.8384765884695969,0.8387005395971467,0.16229697755888145
20260907,sp_lg_h,non_stability,fov_guard_on_rectangle,0.838490431297578,0.8387052786469302,0.1622690590228404
20260907,sp_lg_h,non_stability,original,0.8384845834090228,0.8386959107249741,0.16227537934080047
20260907,sp_lg_h,non_stability,original_isotonic,0.8384845834090228,0.8174723177125938,0.1797700671164138
20260907,sp_lg_h,non_stability,pole_guard,0.8384662063486111,0.838716621290674,0.16227624223556697
20260907,sp_lg_h,non_stability,rectangle_guard_on_fov,0.8384569966304032,0.838736029500517,0.16229289650672282
20260907,sp_lg_h,non_stability_e1_e2,curvature_clipped,0.8379012127370947,0.8355265013588455,0.16346464922598158
20260907,sp_lg_h,non_stability_e1_e2,curvature_removed,0.8379130544759971,0.8355243943297567,0.16346090665340185
20260907,sp_lg_h,non_stability_e1_e2,fov_curvature,0.8378934791163605,0.8355339171595498,0.1634664111547799
20260907,sp_lg_h,non_stability_e1_e2,fov_guard_on_fov,0.8378237070257349,0.8353901283152293,0.16348633005522445
20260907,sp_lg_h,non_stability_e1_e2,fov_guard_on_rectangle,0.8379218922270585,0.8354829953280476,0.1634600809350325
20260907,sp_lg_h,non_stability_e1_e2,original,0.8379079928977387,0.8355265013588455,0.16346280602901242
20260907,sp_lg_h,non_stability_e1_e2,original_isotonic,0.8379079928977387,0.805571667151444,0.19005306516805298
20260907,sp_lg_h,non_stability_e1_e2,pole_guard,0.8379032467852879,0.8354094023343928,0.1634583372024308
20260907,sp_lg_h,non_stability_e1_e2,rectangle_guard_on_fov,0.837796139080895,0.8353869548233724,0.16347842000491708
20260907,xfeat_h,non_stability,curvature_clipped,0.8254929344348035,0.8083563807156078,0.1782866261960822
20260907,xfeat_h,non_stability,curvature_removed,0.8299186330146037,0.8027343747518104,0.1809974923101141
20260907,xfeat_h,non_stability,fov_curvature,0.8299889740101438,0.7297803459642066,0.20239442974874608
20260907,xfeat_h,non_stability,fov_guard_on_fov,0.8299889740101438,0.8026795657942482,0.1810037242557038
20260907,xfeat_h,non_stability,fov_guard_on_rectangle,0.8254408316953658,0.8083563807156078,0.1782833847052272
20260907,xfeat_h,non_stability,original,0.8254929344348035,0.8083563807156078,0.178287351724439
20260907,xfeat_h,non_stability,original_isotonic,0.8254929344348035,0.807018843927016,0.17299290739227585
20260907,xfeat_h,non_stability,pole_guard,0.825517469587237,0.8083690618056297,0.17831801529933508
20260907,xfeat_h,non_stability,rectangle_guard_on_fov,0.8297707765590063,0.8027661319556677,0.18118152957873632
20260907,xfeat_h,non_stability_e1_e2,curvature_clipped,0.8327582767502855,0.8075396926571757,0.17975125595655517
20260907,xfeat_h,non_stability_e1_e2,curvature_removed,0.8327581159393612,0.80752795345971,0.1797502776868534
20260907,xfeat_h,non_stability_e1_e2,fov_curvature,0.8326888868364973,0.7157141890236942,0.20275534566987044
20260907,xfeat_h,non_stability_e1_e2,fov_guard_on_fov,0.8327236219961225,0.8073597015843271,0.1797552892478432
20260907,xfeat_h,non_stability_e1_e2,fov_guard_on_rectangle,0.8327582767502855,0.7157892992117857,0.20275373080751374
20260907,xfeat_h,non_stability_e1_e2,original,0.8327582767502855,0.7157892992117857,0.20274058874969603
20260907,xfeat_h,non_stability_e1_e2,original_isotonic,0.8327582767502855,0.7905289590131743,0.18027738740946808
20260907,xfeat_h,non_stability_e1_e2,pole_guard,0.8327591037778957,0.8075155710185472,0.17977675693761042
20260907,xfeat_h,non_stability_e1_e2,rectangle_guard_on_fov,0.8324529319211023,0.8073983198354933,0.17990923697723776
20260908,sp_lg_h,non_stability,curvature_clipped,0.8273145162779867,0.8464848653727657,0.15927483150027405
20260908,sp_lg_h,non_stability,curvature_removed,0.8273303225274876,0.8465116917375353,0.15927609337757215
20260908,sp_lg_h,non_stability,fov_curvature,0.827277253645115,0.846469979624241,0.15927799524019548
20260908,sp_lg_h,non_stability,fov_guard_on_fov,0.8272999436410473,0.8461954678701739,0.15928109327702966
20260908,sp_lg_h,non_stability,fov_guard_on_rectangle,0.8273157875581073,0.8464848653727657,0.15927251851672636
20260908,sp_lg_h,non_stability,original,0.8273145162779867,0.8464884249571036,0.15927326279500698
20260908,sp_lg_h,non_stability,original_isotonic,0.8273145162779867,0.8614477989972928,0.15488092009320237
20260908,sp_lg_h,non_stability,pole_guard,0.8272665254534295,0.8462315745798247,0.1592700266961595
20260908,sp_lg_h,non_stability,rectangle_guard_on_fov,0.8271760856439526,0.846216345114823,0.15929096515411875
20260908,sp_lg_h,non_stability_e1_e2,curvature_clipped,0.8580877747979223,0.8498375915161888,0.15621681176449242
20260908,sp_lg_h,non_stability_e1_e2,curvature_removed,0.8307181628403775,0.8471922308557454,0.15813733196118732
20260908,sp_lg_h,non_stability_e1_e2,fov_curvature,0.8307112774123585,0.8470716223582606,0.1581525669087948
20260908,sp_lg_h,non_stability_e1_e2,fov_guard_on_fov,0.8580798646105045,0.8498341614140852,0.15621947826209787
20260908,sp_lg_h,non_stability_e1_e2,fov_guard_on_rectangle,0.8580899500994622,0.8498405578364704,0.15621318644304907
20260908,sp_lg_h,non_stability_e1_e2,original,0.8580877747979223,0.8498375915161888,0.15621593811410672
20260908,sp_lg_h,non_stability_e1_e2,original_isotonic,0.8580877747979223,0.8605604625915918,0.1556112445578987
20260908,sp_lg_h,non_stability_e1_e2,pole_guard,0.830600119772724,0.8470605945076897,0.15813974178814996
20260908,sp_lg_h,non_stability_e1_e2,rectangle_guard_on_fov,0.8305531059504817,0.8470384812962566,0.15815879674896594
20260908,xfeat_h,non_stability,curvature_clipped,0.8435445003435309,0.8361880056703481,0.16276200075259464
20260908,xfeat_h,non_stability,curvature_removed,0.8435411922330904,0.8362018928423014,0.16276294895916255
20260908,xfeat_h,non_stability,fov_curvature,0.843906568436645,0.8362104291456169,0.1627548679591698
20260908,xfeat_h,non_stability,fov_guard_on_fov,0.843906568436645,0.8362328719181971,0.16275363594189798
20260908,xfeat_h,non_stability,fov_guard_on_rectangle,0.8435445003435309,0.8361902110773084,0.1627620495161458
20260908,xfeat_h,non_stability,original,0.8435445003435309,0.8361902110773084,0.16276201613263153
20260908,xfeat_h,non_stability,original_isotonic,0.8435445003435309,0.8154411971470511,0.17060941156417336
20260908,xfeat_h,non_stability,pole_guard,0.8435435354779859,0.836178453501451,0.16276161415890947
20260908,xfeat_h,non_stability,rectangle_guard_on_fov,0.8437282612839025,0.8361616648409654,0.16273953560248594
20260908,xfeat_h,non_stability_e1_e2,curvature_clipped,0.8339200089979347,0.82655416523708,0.1672162945742079
20260908,xfeat_h,non_stability_e1_e2,curvature_removed,0.8475842970103231,0.838409344136116,0.1615838700198145
20260908,xfeat_h,non_stability_e1_e2,fov_curvature,0.8476000794538828,0.8384924879785204,0.1615811765906094
20260908,xfeat_h,non_stability_e1_e2,fov_guard_on_fov,0.8473916684961318,0.8382781155300799,0.16158406022337424
20260908,xfeat_h,non_stability_e1_e2,fov_guard_on_rectangle,0.8476190321699483,0.8384386691567917,0.16158300372328038
20260908,xfeat_h,non_stability_e1_e2,original,0.8339200089979347,0.8265889003967052,0.1672160217554582
20260908,xfeat_h,non_stability_e1_e2,original_isotonic,0.8339200089979347,0.8104012397268328,0.1728208505234421
20260908,xfeat_h,non_stability_e1_e2,pole_guard,0.8474101387794247,0.838206722371636,0.16158392001213334
20260908,xfeat_h,non_stability_e1_e2,rectangle_guard_on_fov,0.8476159583839973,0.8384794829693513,0.16157085802935522
20260909,sp_lg_h,non_stability,curvature_clipped,0.8623639195391497,0.865048352825944,0.14873430206477478
20260909,sp_lg_h,non_stability,curvature_removed,0.8623637312013539,0.8651074649973347,0.14873385592655156
20260909,sp_lg_h,non_stability,fov_curvature,0.8623625658612434,0.8650943307903097,0.1487334119529118
20260909,sp_lg_h,non_stability,fov_guard_on_fov,0.8624735301183201,0.865053992870289,0.1487462393980417
20260909,sp_lg_h,non_stability,fov_guard_on_rectangle,0.86285926946606,0.8650513443700376,0.14875110525247298
20260909,sp_lg_h,non_stability,original,0.8625569846134827,0.8650487160488356,0.14873411918902799
20260909,sp_lg_h,non_stability,original_isotonic,0.8625569846134827,0.8606508156647875,0.15208226317684861
20260909,sp_lg_h,non_stability,pole_guard,0.8624197408438788,0.8650705669326247,0.1487609543006873
20260909,sp_lg_h,non_stability,rectangle_guard_on_fov,0.8624910008030902,0.8650575470735471,0.14874049988596277
20260909,sp_lg_h,non_stability_e1_e2,curvature_clipped,0.8771399656699387,0.8648489000734827,0.14793077206486166
20260909,sp_lg_h,non_stability_e1_e2,curvature_removed,0.8772156186082336,0.8649320394391553,0.147926852517819
20260909,sp_lg_h,non_stability_e1_e2,fov_curvature,0.8771412369500594,0.8646341596730913,0.14793457002009702
20260909,sp_lg_h,non_stability_e1_e2,fov_guard_on_fov,0.8771387767876035,0.8646346305175805,0.14793708633661104
20260909,sp_lg_h,non_stability_e1_e2,fov_guard_on_rectangle,0.8771484408707434,0.8649222912766422,0.14793171397419175
20260909,sp_lg_h,non_stability_e1_e2,original,0.8771399656699387,0.8648489000734827,0.14793067029384924
20260909,sp_lg_h,non_stability_e1_e2,original_isotonic,0.8771399656699387,0.8591841643406919,0.14929257055511538
20260909,sp_lg_h,non_stability_e1_e2,pole_guard,0.8770651837939486,0.8646493814027908,0.14793568677429914
20260909,sp_lg_h,non_stability_e1_e2,rectangle_guard_on_fov,0.8771406342691133,0.8649434315215703,0.14792815422952293
20260909,xfeat_h,non_stability,curvature_clipped,0.8330869706036532,0.8512405311364156,0.15596551907642692
20260909,xfeat_h,non_stability,curvature_removed,0.8331019352087985,0.8512098644931725,0.15596514567634162
20260909,xfeat_h,non_stability,fov_curvature,0.8327943797216862,0.7906470461176683,0.17878365805958416
20260909,xfeat_h,non_stability,fov_guard_on_fov,0.833132041311106,0.8511995105669534,0.15596505586189469
20260909,xfeat_h,non_stability,fov_guard_on_rectangle,0.8328532250334454,0.7831051289662614,0.17947083095167277
20260909,xfeat_h,non_stability,original,0.8325036955978204,0.782813491463345,0.17961230390981472
20260909,xfeat_h,non_stability,original_isotonic,0.8325036955978204,0.8507887814491811,0.15083463573268813
20260909,xfeat_h,non_stability,pole_guard,0.8331245911707179,0.8512212338255127,0.15596748411752887
20260909,xfeat_h,non_stability,rectangle_guard_on_fov,0.8461376698320779,0.8565978427784541,0.1522335390237361
20260909,xfeat_h,non_stability_e1_e2,curvature_clipped,0.8453759525923259,0.8546957063176601,0.15313387403956757
20260909,xfeat_h,non_stability_e1_e2,curvature_removed,0.8453798120545065,0.8546969468590753,0.1531263171438502
20260909,xfeat_h,non_stability_e1_e2,fov_curvature,0.8453798120545065,0.8546900802326124,0.1531261746481517
20260909,xfeat_h,non_stability_e1_e2,fov_guard_on_fov,0.8453769174578709,0.8546588461565366,0.15314455889394804
20260909,xfeat_h,non_stability_e1_e2,fov_guard_on_rectangle,0.8453759525923259,0.8546957063176601,0.1531337243981319
20260909,xfeat_h,non_stability_e1_e2,original,0.8453759525923259,0.8546957063176601,0.15313384638267905
20260909,xfeat_h,non_stability_e1_e2,original_isotonic,0.8453759525923259,0.859042651488651,0.1453458216974337
20260909,xfeat_h,non_stability_e1_e2,pole_guard,0.8453303006682471,0.8547381604016464,0.15307928392206208
20260909,xfeat_h,non_stability_e1_e2,rectangle_guard_on_fov,0.845460155489531,0.8547223871472823,0.15307084099396157
20260910,sp_lg_h,non_stability,curvature_clipped,0.8712099304909343,0.859934387467976,0.1523866191136854
20260910,sp_lg_h,non_stability,curvature_removed,0.8712743137663813,0.8599718549182005,0.1523354563115783
20260910,sp_lg_h,non_stability,fov_curvature,0.8712743137663813,0.8599718549182004,0.1523363336283588
20260910,sp_lg_h,non_stability,fov_guard_on_fov,0.8712414017365894,0.859971054482569,0.15234017127011945
20260910,sp_lg_h,non_stability,fov_guard_on_rectangle,0.8712099304909343,0.8599344698657615,0.15238538179788205
20260910,sp_lg_h,non_stability,original,0.8712099304909343,0.8599264772805582,0.15238354736723603
20260910,sp_lg_h,non_stability,original_isotonic,0.8712099304909343,0.86607990960494,0.1482039185005805
20260910,sp_lg_h,non_stability,pole_guard,0.8713294590729511,0.8600762347514138,0.15231145281668895
20260910,sp_lg_h,non_stability,rectangle_guard_on_fov,0.8715245682850021,0.8603280188419893,0.15222215652372417
20260910,sp_lg_h,non_stability_e1_e2,curvature_clipped,0.8715283907350945,0.8605401703375914,0.15201690247092958
20260910,sp_lg_h,non_stability_e1_e2,curvature_removed,0.8715579079761194,0.8607946806177593,0.15193066489586626
20260910,sp_lg_h,non_stability_e1_e2,fov_curvature,0.8717152292273759,0.8608136600227996,0.1519259697372755
20260910,sp_lg_h,non_stability_e1_e2,fov_guard_on_fov,0.8715696276317719,0.8608122474893322,0.15193106833790904
20260910,sp_lg_h,non_stability_e1_e2,fov_guard_on_rectangle,0.871386007361574,0.8605401703375914,0.15201880290625755
20260910,sp_lg_h,non_stability_e1_e2,original,0.8715283907350945,0.8605401703375914,0.15201553600365808
20260910,sp_lg_h,non_stability_e1_e2,original_isotonic,0.8715283907350945,0.8610959515739895,0.15536694338599688
20260910,sp_lg_h,non_stability_e1_e2,pole_guard,0.8717719000700906,0.8608132480338717,0.15194166224978314
20260910,sp_lg_h,non_stability_e1_e2,rectangle_guard_on_fov,0.8718150247168521,0.8610381035191602,0.15181444455692622
20260910,xfeat_h,non_stability,curvature_clipped,0.8179530881999147,0.82762719752644,0.16877075350210843
20260910,xfeat_h,non_stability,curvature_removed,0.8179600650967257,0.827601408705169,0.16875637518366038
20260910,xfeat_h,non_stability,fov_curvature,0.817822923243277,0.8276012058864928,0.16881115743468028
20260910,xfeat_h,non_stability,fov_guard_on_fov,0.817829870275202,0.8276011254810307,0.16880675961192657
20260910,xfeat_h,non_stability,fov_guard_on_rectangle,0.8179530881999147,0.82762719752644,0.16877121392348357
20260910,xfeat_h,non_stability,original,0.8179530881999147,0.82762719752644,0.168772024388333
20260910,xfeat_h,non_stability,original_isotonic,0.8179530881999147,0.8240455101266511,0.1674155722616886
20260910,xfeat_h,non_stability,pole_guard,0.8179530881999147,0.8275577272071898,0.16876980692012794
20260910,xfeat_h,non_stability,rectangle_guard_on_fov,0.8178887270734558,0.827391933441648,0.1688084252056563
20260910,xfeat_h,non_stability_e1_e2,curvature_clipped,0.8203063728822655,0.8306375660813335,0.16760510815623014
20260910,xfeat_h,non_stability_e1_e2,curvature_removed,0.8203174688360347,0.8306651451548321,0.16759473316061757
20260910,xfeat_h,non_stability_e1_e2,fov_curvature,0.8203027546364713,0.8305991483515446,0.16763980045261784
20260910,xfeat_h,non_stability_e1_e2,fov_guard_on_fov,0.8203287416818204,0.8306068672759057,0.16763791220809793
20260910,xfeat_h,non_stability_e1_e2,fov_guard_on_rectangle,0.8203063728822655,0.8306375660813335,0.16760463038752202
20260910,xfeat_h,non_stability_e1_e2,original,0.8203063728822655,0.8306375660813335,0.1676038370703256
20260910,xfeat_h,non_stability_e1_e2,original_isotonic,0.8203063728822655,0.8232256177956904,0.16913872786327339
20260910,xfeat_h,non_stability_e1_e2,pole_guard,0.8203054080167202,0.8306514601451837,0.16760502133800315
20260910,xfeat_h,non_stability_e1_e2,rectangle_guard_on_fov,0.8203288381683749,0.8305887415874506,0.1676268659413322
20260911,sp_lg_h,non_stability,curvature_clipped,0.8356884585449417,0.834433641838104,0.1674316774388078
20260911,sp_lg_h,non_stability,curvature_removed,0.8356032050875127,0.8344304636378022,0.16743053567172173
20260911,sp_lg_h,non_stability,fov_curvature,0.8356032050875127,0.8344304636378022,0.16743052526076246
20260911,sp_lg_h,non_stability,fov_guard_on_fov,0.8356626798091604,0.8344258305280288,0.1674266566393497
20260911,sp_lg_h,non_stability,fov_guard_on_rectangle,0.8356887410516352,0.834437201422442,0.1674336172341666
20260911,sp_lg_h,non_stability,original,0.8356884585449417,0.8344431340630054,0.16743412605838334
20260911,sp_lg_h,non_stability,original_isotonic,0.8356884585449417,0.8329893550891354,0.17572955047049016
20260911,sp_lg_h,non_stability,pole_guard,0.8357942375261861,0.8343507119982292,0.16742671968118453
20260911,sp_lg_h,non_stability,rectangle_guard_on_fov,0.8355306149926198,0.8342683095041822,0.16745444144289917
20260911,sp_lg_h,non_stability_e1_e2,curvature_clipped,0.8341450303094912,0.828455190325654,0.1697557595201446
20260911,sp_lg_h,non_stability_e1_e2,curvature_removed,0.8342269148745998,0.8284408766531838,0.16975945449112026
20260911,sp_lg_h,non_stability_e1_e2,fov_curvature,0.834120621731173,0.8284396759997364,0.16975804499091499
20260911,sp_lg_h,non_stability_e1_e2,fov_guard_on_fov,0.8340700954090421,0.8284383011338281,0.16975257073581418
20260911,sp_lg_h,non_stability_e1_e2,fov_guard_on_rectangle,0.8342854361361571,0.828455190325654,0.16975498544141351
20260911,sp_lg_h,non_stability_e1_e2,original,0.8343154948483449,0.828455190325654,0.16975772544042245
20260911,sp_lg_h,non_stability_e1_e2,original_isotonic,0.8343154948483449,0.8155102636597406,0.17521811517598446
20260911,sp_lg_h,non_stability_e1_e2,pole_guard,0.8341100943210304,0.828448478437461,0.16975088881508224
20260911,sp_lg_h,non_stability_e1_e2,rectangle_guard_on_fov,0.8341033447652784,0.8284155193232203,0.169775989084255
20260911,xfeat_h,non_stability,curvature_clipped,0.8389843534604455,0.8403273103648261,0.16102469346476633
20260911,xfeat_h,non_stability,curvature_removed,0.8438575102746435,0.8449610151183076,0.15809871406868958
20260911,xfeat_h,non_stability,fov_curvature,0.8435305747738674,0.8450846718271133,0.1582365229291085
20260911,xfeat_h,non_stability,fov_guard_on_fov,0.8438569474364089,0.8453763093300296,0.15809537730632683
20260911,xfeat_h,non_stability,fov_guard_on_rectangle,0.8389853183259908,0.8403273103648261,0.1610243221043502
20260911,xfeat_h,non_stability,original,0.8389853183259908,0.8403273103648261,0.1610236527969183
20260911,xfeat_h,non_stability,original_isotonic,0.8389853183259908,0.8207893809641211,0.1697862874369332
20260911,xfeat_h,non_stability,pole_guard,0.8389898587075703,0.8402819616842042,0.16102895174788567
20260911,xfeat_h,non_stability,rectangle_guard_on_fov,0.8439445535522299,0.8450028075802055,0.15810516497312277
20260911,xfeat_h,non_stability_e1_e2,curvature_clipped,0.8277478049975746,0.8299630958567621,0.1669928949118255
20260911,xfeat_h,non_stability_e1_e2,curvature_removed,0.8277628775757692,0.8299494912525757,0.1669660758824975
20260911,xfeat_h,non_stability_e1_e2,fov_curvature,0.8277609478446788,0.829952305443749,0.16696811627923594
20260911,xfeat_h,non_stability_e1_e2,fov_guard_on_fov,0.8277824367787485,0.8299827791138832,0.16699466306607896
20260911,xfeat_h,non_stability_e1_e2,fov_guard_on_rectangle,0.8277487698631197,0.8299630958567621,0.16699166563976595
20260911,xfeat_h,non_stability_e1_e2,original,0.8277487698631197,0.8299630958567621,0.16699124293302076
20260911,xfeat_h,non_stability_e1_e2,original_isotonic,0.8277487698631197,0.8124335858431364,0.17707236700412096
20260911,xfeat_h,non_stability_e1_e2,pole_guard,0.8277439386434973,0.8299315447534361,0.16701035844759202
20260911,xfeat_h,non_stability_e1_e2,rectangle_guard_on_fov,0.8277688643367468,0.8299503366585771,0.16698641657444385
20260912,sp_lg_h,non_stability,curvature_clipped,0.8006325381906756,0.8491087966225006,0.1583135387851775
20260912,sp_lg_h,non_stability,curvature_removed,0.8004243849046875,0.8490006248095621,0.15828581618528717
20260912,sp_lg_h,non_stability,fov_curvature,0.8004243849046875,0.8490006248095621,0.15828574058620618
20260912,sp_lg_h,non_stability,fov_guard_on_fov,0.7999655328246714,0.8489155902948208,0.15832128602785894
20260912,sp_lg_h,non_stability,fov_guard_on_rectangle,0.8003335331062826,0.8491028357312679,0.15832453505524244
20260912,sp_lg_h,non_stability,original,0.800774921564196,0.8491028357312679,0.15832448850129427
20260912,sp_lg_h,non_stability,original_isotonic,0.800774921564196,0.8429427331211656,0.16641247423233368
20260912,sp_lg_h,non_stability,pole_guard,0.800471860692637,0.8489981622928836,0.1583052126435413
20260912,sp_lg_h,non_stability,rectangle_guard_on_fov,0.8004249998948539,0.8490994809642826,0.1582609924865065
20260912,sp_lg_h,non_stability_e1_e2,curvature_clipped,0.814121470238682,0.8481799854427604,0.1592457179526644
20260912,sp_lg_h,non_stability_e1_e2,curvature_removed,0.8140690369963696,0.8481871046114365,0.15923550030110029
20260912,sp_lg_h,non_stability_e1_e2,fov_curvature,0.8140906346330871,0.8481811719708733,0.1592351812614546
20260912,sp_lg_h,non_stability_e1_e2,fov_guard_on_fov,0.8139748633900938,0.8482395096030795,0.15924364366992833
20260912,sp_lg_h,non_stability_e1_e2,fov_guard_on_rectangle,0.8141445651608751,0.8482505838654644,0.1592450396698139
20260912,sp_lg_h,non_stability_e1_e2,original,0.8141440707741614,0.8481853248192676,0.15924570518118575
20260912,sp_lg_h,non_stability_e1_e2,original_isotonic,0.8141440707741614,0.8373139898173436,0.17208942240592373
20260912,sp_lg_h,non_stability_e1_e2,pole_guard,0.81405317424553,0.848196596836338,0.15924214068214698
20260912,sp_lg_h,non_stability_e1_e2,rectangle_guard_on_fov,0.8139106354933281,0.8484050302747971,0.15922148582974838
20260912,xfeat_h,non_stability,curvature_clipped,0.7695934373278709,0.8080718065535782,0.17825877061910833
20260912,xfeat_h,non_stability,curvature_removed,0.817238243668885,0.8257755139506364,0.17036044207223566
20260912,xfeat_h,non_stability,fov_curvature,0.816932211290955,0.7742421439683773,0.18156357130832326
20260912,xfeat_h,non_stability,fov_guard_on_fov,0.8172142789029541,0.8256848051028983,0.17034800520494836
20260912,xfeat_h,non_stability,fov_guard_on_rectangle,0.8169459284627881,0.7742339540977382,0.18158763530414437
20260912,xfeat_h,non_stability,original,0.7690101623220381,0.7532532876334999,0.18963295692336748
20260912,xfeat_h,non_stability,original_isotonic,0.7690101623220381,0.8066496304138061,0.1810734802906171
20260912,xfeat_h,non_stability,pole_guard,0.8172375659657045,0.8256775800978043,0.1703577892595308
20260912,xfeat_h,non_stability,rectangle_guard_on_fov,0.8171850434769362,0.825685149697736,0.17034574709782382
20260912,xfeat_h,non_stability_e1_e2,curvature_clipped,0.7656404733748108,0.8087716293095363,0.17751043288960736
20260912,xfeat_h,non_stability_e1_e2,curvature_removed,0.7656979793613014,0.80876294551963,0.1775116735651432
20260912,xfeat_h,non_stability_e1_e2,fov_curvature,0.7656342063433651,0.7499320125543841,0.18973558794983642
20260912,xfeat_h,non_stability_e1_e2,fov_guard_on_fov,0.76563296580195,0.8087946137852009,0.1775033601403071
20260912,xfeat_h,non_stability_e1_e2,fov_guard_on_rectangle,0.7656414382403559,0.7481384887763463,0.18927522669576946
20260912,xfeat_h,non_stability_e1_e2,original,0.7656414382403559,0.7481384887763463,0.1892771366252246
20260912,xfeat_h,non_stability_e1_e2,original_isotonic,0.7656414382403559,0.8002350393236296,0.1775179217407571
20260912,xfeat_h,non_stability_e1_e2,pole_guard,0.765640025401522,0.8087786590442224,0.17751084290820224
20260912,xfeat_h,non_stability_e1_e2,rectangle_guard_on_fov,0.8009071637106402,0.8160166973713409,0.17454352385265137
20260913,sp_lg_h,non_stability,curvature_clipped,0.8189177381878293,0.8419548932104045,0.16170253353913355
20260913,sp_lg_h,non_stability,curvature_removed,0.8189279884723581,0.8419899240403975,0.16168472464167843
20260913,sp_lg_h,non_stability,fov_curvature,0.8189269996989309,0.8419892884003372,0.16168424071882137
20260913,sp_lg_h,non_stability,fov_guard_on_fov,0.8188552335818938,0.8420712153414501,0.16169708430085106
20260913,sp_lg_h,non_stability,fov_guard_on_rectangle,0.8189287559488755,0.8419447229694387,0.1617012796080842
20260913,sp_lg_h,non_stability,original,0.8189177381878293,0.8419370952887144,0.1617000475860385
20260913,sp_lg_h,non_stability,original_isotonic,0.8189177381878293,0.8575927141376848,0.14781797286412332
20260913,sp_lg_h,non_stability,pole_guard,0.8191079169854438,0.842117737131201,0.16173588764644767
20260913,sp_lg_h,non_stability,rectangle_guard_on_fov,0.8186131018033458,0.8420117217860229,0.16171757629200956
20260913,sp_lg_h,non_stability_e1_e2,curvature_clipped,0.838831959087685,0.842214042923114,0.16158721295978457
20260913,sp_lg_h,non_stability_e1_e2,curvature_removed,0.8387696428195454,0.8422159569059624,0.16159074010229574
20260913,sp_lg_h,non_stability_e1_e2,fov_curvature,0.8388408345063055,0.842222878319953,0.16158806729275482
20260913,sp_lg_h,non_stability_e1_e2,fov_guard_on_fov,0.8388485281052582,0.8422268969776678,0.16158631305255233
20260913,sp_lg_h,non_stability_e1_e2,fov_guard_on_rectangle,0.838831959087685,0.8422150316965412,0.16158498997036613
20260913,sp_lg_h,non_stability_e1_e2,original,0.838831959087685,0.842214042923114,0.1615869623995985
20260913,sp_lg_h,non_stability_e1_e2,original_isotonic,0.838831959087685,0.8533989736057214,0.15229518356963265
20260913,sp_lg_h,non_stability_e1_e2,pole_guard,0.8388519817495862,0.8422413118817034,0.16158407391164661
20260913,sp_lg_h,non_stability_e1_e2,rectangle_guard_on_fov,0.8387948221702918,0.8422977567190634,0.1615940765986444
20260913,xfeat_h,non_stability,curvature_clipped,0.8133857092229272,0.8114458328667992,0.17567803929207004
20260913,xfeat_h,non_stability,curvature_removed,0.8133613946111895,0.811412062572719,0.17568079347254928
20260913,xfeat_h,non_stability,fov_curvature,0.8130277716732657,0.7123270314155015,0.20658218302445536
20260913,xfeat_h,non_stability,fov_guard_on_fov,0.8133194091761821,0.8114387755645261,0.17566765595922876
20260913,xfeat_h,non_stability,fov_guard_on_rectangle,0.8130940717200108,0.7123270314155015,0.20658307138656926
20260913,xfeat_h,non_stability,original,0.8128024342170944,0.7144439629620983,0.2063222653837981
20260913,xfeat_h,non_stability,original_isotonic,0.8128024342170944,0.8004452701359455,0.18381365470701927
20260913,xfeat_h,non_stability,pole_guard,0.8134349173657295,0.8114554815222506,0.1756830604207547
20260913,xfeat_h,non_stability,rectangle_guard_on_fov,0.8133121037656261,0.8115372033366255,0.17567741177295243
20260913,xfeat_h,non_stability_e1_e2,curvature_clipped,0.8124419744957708,0.8112639105532062,0.1763293504560666
20260913,xfeat_h,non_stability_e1_e2,curvature_removed,0.8124419744957708,0.8112639105532062,0.17632918532677427
20260913,xfeat_h,non_stability_e1_e2,fov_curvature,0.8124357028697273,0.8113015403094668,0.1763270013741517
20260913,xfeat_h,non_stability_e1_e2,fov_guard_on_fov,0.8124357832751894,0.8112307191784532,0.17632593757696607
20260913,xfeat_h,non_stability_e1_e2,fov_guard_on_rectangle,0.8124419744957708,0.8112648754187513,0.17633468857633267
20260913,xfeat_h,non_stability_e1_e2,original,0.8124419744957708,0.8112648754187513,0.17633040646421644
20260913,xfeat_h,non_stability_e1_e2,original_isotonic,0.8124419744957708,0.8171250311045087,0.1746262836475196
20260913,xfeat_h,non_stability_e1_e2,pole_guard,0.8124188177226873,0.8111915456373203,0.17633158044203406
20260913,xfeat_h,non_stability_e1_e2,rectangle_guard_on_fov,0.8124610076172982,0.8112876324618232,0.17633643811626326
20260914,sp_lg_h,non_stability,curvature_clipped,0.8509493189190879,0.8688908420573597,0.14679842508936894
20260914,sp_lg_h,non_stability,curvature_removed,0.8507326009718419,0.869330575496894,0.14671018805756608
20260914,sp_lg_h,non_stability,fov_curvature,0.8507352847854301,0.8693319409459127,0.14671267949731295
20260914,sp_lg_h,non_stability,fov_guard_on_fov,0.8507380392256917,0.8693327507984339,0.1467107040894015
20260914,sp_lg_h,non_stability,fov_guard_on_rectangle,0.8509486832790275,0.8687738842862538,0.14680055234154077
20260914,sp_lg_h,non_stability,original,0.8509493189190879,0.8688909479973697,0.14679786509639917
20260914,sp_lg_h,non_stability,original_isotonic,0.8509493189190879,0.862978531516464,0.15400597803551502
20260914,sp_lg_h,non_stability,pole_guard,0.8507380392256917,0.8693369318974976,0.1467223777613749
20260914,sp_lg_h,non_stability,rectangle_guard_on_fov,0.8509802957780291,0.8691602475029422,0.14669594444147993
20260914,sp_lg_h,non_stability_e1_e2,curvature_clipped,0.8408700939419473,0.8635970049566997,0.14843107907944175
20260914,sp_lg_h,non_stability_e1_e2,curvature_removed,0.8408487646865884,0.863631529628867,0.1484309540048625
20260914,sp_lg_h,non_stability_e1_e2,fov_curvature,0.840872311619491,0.8636325184022942,0.14843414430085833
20260914,sp_lg_h,non_stability_e1_e2,fov_guard_on_fov,0.8408687802858223,0.8636325184022942,0.1484302711199535
20260914,sp_lg_h,non_stability_e1_e2,fov_guard_on_rectangle,0.8408124625764747,0.8635970049566998,0.14842868366487064
20260914,sp_lg_h,non_stability_e1_e2,original,0.8408700939419473,0.8635970049566998,0.14843056748318786
20260914,sp_lg_h,non_stability_e1_e2,original_isotonic,0.8408700939419473,0.863047049950005,0.1537577099896068
20260914,sp_lg_h,non_stability_e1_e2,pole_guard,0.8408405790551445,0.8636325184022942,0.14843126184671962
20260914,sp_lg_h,non_stability_e1_e2,rectangle_guard_on_fov,0.8409436869356021,0.8636735642706362,0.14842444658547344
20260914,xfeat_h,non_stability,curvature_clipped,0.8242114186586841,0.8251196243453458,0.17513191032244482
20260914,xfeat_h,non_stability,curvature_removed,0.8241128093999703,0.8251324570570961,0.17512875270152728
20260914,xfeat_h,non_stability,fov_curvature,0.8239133119620176,0.7637554231075303,0.19463965278514547
20260914,xfeat_h,non_stability,fov_guard_on_fov,0.8241933710783924,0.8250270179287024,0.1751446670866629
20260914,xfeat_h,non_stability,fov_guard_on_rectangle,0.8239197811557677,0.7638070227385051,0.19462481990851488
20260914,xfeat_h,non_stability,original,0.8236281436528513,0.7635153852355887,0.19478583326181348
20260914,xfeat_h,non_stability,original_isotonic,0.8236281436528513,0.8127259155222158,0.17554138440288317
20260914,xfeat_h,non_stability,pole_guard,0.8242974570977238,0.8252434471160447,0.17511378718201254
20260914,xfeat_h,non_stability,rectangle_guard_on_fov,0.824258062359524,0.8252614349665651,0.1750964986452327
20260914,xfeat_h,non_stability_e1_e2,curvature_clipped,0.8187498648466245,0.8315700664260497,0.17019226400366655
20260914,xfeat_h,non_stability_e1_e2,curvature_removed,0.8187529248487819,0.8315609195006817,0.1701879672424905
20260914,xfeat_h,non_stability_e1_e2,fov_curvature,0.8185190391433403,0.8312296122400665,0.17033321687989944
20260914,xfeat_h,non_stability_e1_e2,fov_guard_on_fov,0.8188106766462567,0.8315222146085282,0.17019892228970443
20260914,xfeat_h,non_stability_e1_e2,fov_guard_on_rectangle,0.8184582273437082,0.8312612543164297,0.17032271510959057
20260914,xfeat_h,non_stability_e1_e2,original,0.8181665898407918,0.830966722216878,0.170473818195508
20260914,xfeat_h,non_stability_e1_e2,original_isotonic,0.8181665898407918,0.8158210995654803,0.16471900443311321
20260914,xfeat_h,non_stability_e1_e2,pole_guard,0.8150653879245592,0.8283564409363444,0.17200639417335872
20260914,xfeat_h,non_stability_e1_e2,rectangle_guard_on_fov,0.8186669582823799,0.8311309173249222,0.17044491913601406
20260915,sp_lg_h,non_stability,curvature_clipped,0.8165189833375338,0.8544911764329267,0.15369669325182156
20260915,sp_lg_h,non_stability,curvature_removed,0.8166364354953536,0.8546068629239121,0.15366746343740031
20260915,sp_lg_h,non_stability,fov_curvature,0.8166008396519735,0.8546423528272822,0.15366767353197813
20260915,sp_lg_h,non_stability,fov_guard_on_fov,0.8165061494620294,0.8545668176001096,0.1536065255195579
20260915,sp_lg_h,non_stability,fov_guard_on_rectangle,0.8165188773975238,0.8544006118496602,0.15369144085042785
20260915,sp_lg_h,non_stability,original,0.8165189833375338,0.8544768392182319,0.15369715003159634
20260915,sp_lg_h,non_stability,original_isotonic,0.8165189833375338,0.8312944498251241,0.16892865729090883
20260915,sp_lg_h,non_stability,pole_guard,0.8165889743708468,0.8545643597918761,0.1536892477590836
20260915,sp_lg_h,non_stability,rectangle_guard_on_fov,0.8164257480570613,0.85466002362096,0.15357692847635954
20260915,sp_lg_h,non_stability_e1_e2,curvature_clipped,0.8303210254910338,0.859558325454286,0.1508924152937891
20260915,sp_lg_h,non_stability_e1_e2,curvature_removed,0.830464256384635,0.8597563037908634,0.1508515234770695
20260915,sp_lg_h,non_stability_e1_e2,fov_curvature,0.8303871320573113,0.8597375759513074,0.15085848800414356
20260915,sp_lg_h,non_stability_e1_e2,fov_guard_on_fov,0.8302683379926976,0.8596896096106635,0.15082099914596486
20260915,sp_lg_h,non_stability_e1_e2,fov_guard_on_rectangle,0.8303273112649642,0.8595707093369856,0.1508772397595867
20260915,sp_lg_h,non_stability_e1_e2,original,0.8303210254910338,0.8594505491507184,0.1508915118152698
20260915,sp_lg_h,non_stability_e1_e2,original_isotonic,0.8303210254910338,0.842408096266398,0.1673262261705266
20260915,sp_lg_h,non_stability_e1_e2,pole_guard,0.8303696771794633,0.8597208592903547,0.1508724851973764
20260915,sp_lg_h,non_stability_e1_e2,rectangle_guard_on_fov,0.8304113005049398,0.8597137780582919,0.15079859112372476
20260915,xfeat_h,non_stability,curvature_clipped,0.8396331903580627,0.8316307321174727,0.16615337124548551
20260915,xfeat_h,non_stability,curvature_removed,0.8396331903580627,0.8316310077933428,0.16615470653362646
20260915,xfeat_h,non_stability,fov_curvature,0.8396366264608713,0.7857756317718799,0.17808222772359072
20260915,xfeat_h,non_stability,fov_guard_on_fov,0.8396360061901638,0.831645894290325,0.16614462157569904
20260915,xfeat_h,non_stability,fov_guard_on_rectangle,0.8396331903580627,0.7857740466356271,0.17808030941795794
20260915,xfeat_h,non_stability,original,0.8396331903580627,0.7864748698324453,0.17797810160329103
20260915,xfeat_h,non_stability,original_isotonic,0.8396331903580627,0.8184692291082203,0.17046870936826541
20260915,xfeat_h,non_stability,pole_guard,0.8396530980941064,0.8316726791547696,0.16615228815605787
20260915,xfeat_h,non_stability,rectangle_guard_on_fov,0.8396381771376402,0.8317472425857187,0.16612910394406985
20260915,xfeat_h,non_stability_e1_e2,curvature_clipped,0.8153935268161457,0.8220687039356078,0.1731617220458262
20260915,xfeat_h,non_stability_e1_e2,curvature_removed,0.8153922058692685,0.8220687039356078,0.17316410271278945
20260915,xfeat_h,non_stability_e1_e2,fov_curvature,0.8154640378118055,0.769952486770209,0.1851232719926766
20260915,xfeat_h,non_stability_e1_e2,fov_guard_on_fov,0.8154297850849529,0.8221244885888381,0.17314596118525918
20260915,xfeat_h,non_stability_e1_e2,fov_guard_on_rectangle,0.8154031754715972,0.7687873016822856,0.1859013158828748
20260915,xfeat_h,non_stability_e1_e2,original,0.8154031754715972,0.7686841162041295,0.18575644988141587
20260915,xfeat_h,non_stability_e1_e2,original_isotonic,0.8154031754715972,0.8035273772317663,0.1799709001444179
20260915,xfeat_h,non_stability_e1_e2,pole_guard,0.8153228389284695,0.8220649823113622,0.17315759738740194
20260915,xfeat_h,non_stability_e1_e2,rectangle_guard_on_fov,0.8153684563930645,0.8221821944403346,0.1731210234060373
20260916,sp_lg_h,non_stability,curvature_clipped,0.827634593200328,0.8481962618641147,0.15969299478376708
20260916,sp_lg_h,non_stability,curvature_removed,0.8276559577690232,0.8482067287371088,0.15970529783114018
20260916,sp_lg_h,non_stability,fov_curvature,0.8276573349891541,0.8481948634559819,0.15970264038759283
20260916,sp_lg_h,non_stability,fov_guard_on_fov,0.827594065260924,0.8482778286091937,0.1597180026147958
20260916,sp_lg_h,non_stability,fov_guard_on_rectangle,0.8276207503723467,0.7938042041018876,0.17530899060027513
20260916,sp_lg_h,non_stability,original,0.826422775088456,0.7941392372649017,0.17528288862094443
20260916,sp_lg_h,non_stability,original_isotonic,0.826422775088456,0.8374124416511752,0.16972758805140675
20260916,sp_lg_h,non_stability,pole_guard,0.8274847587127665,0.8480556441574286,0.15969638340282455
20260916,sp_lg_h,non_stability,rectangle_guard_on_fov,0.8274464202002372,0.8480882124707435,0.15972893774141161
20260916,sp_lg_h,non_stability_e1_e2,curvature_clipped,0.8264236078105681,0.8465863627632793,0.1605090774914385
20260916,sp_lg_h,non_stability_e1_e2,curvature_removed,0.8263817144221455,0.8465800652182367,0.1605038118709072
20260916,sp_lg_h,non_stability_e1_e2,fov_curvature,0.8263558062041299,0.8465784525758614,0.16051816529670337
20260916,sp_lg_h,non_stability_e1_e2,fov_guard_on_fov,0.8264888974616567,0.8466249131558288,0.16051323751918517
20260916,sp_lg_h,non_stability_e1_e2,fov_guard_on_rectangle,0.8264726815774501,0.8466338827433473,0.16050179509036108
20260916,sp_lg_h,non_stability_e1_e2,original,0.8264236078105681,0.8465863627632793,0.16049906462226748
20260916,sp_lg_h,non_stability_e1_e2,original_isotonic,0.8264236078105681,0.8421709113145799,0.17394476344195456
20260916,sp_lg_h,non_stability_e1_e2,pole_guard,0.826505972637056,0.8465932418012656,0.16051277887673826
20260916,sp_lg_h,non_stability_e1_e2,rectangle_guard_on_fov,0.826440628838851,0.8466525941033461,0.1605219400100225
20260916,xfeat_h,non_stability,curvature_clipped,0.8270959606731255,0.8194669204294057,0.17460661942208353
20260916,xfeat_h,non_stability,curvature_removed,0.8270959606731255,0.8194669204294057,0.17460782000624497
20260916,xfeat_h,non_stability,fov_curvature,0.8270959606731255,0.772690918341867,0.19338063505765912
20260916,xfeat_h,non_stability,fov_guard_on_fov,0.8270959606731255,0.8194326677025531,0.17460974463523815
20260916,xfeat_h,non_stability,fov_guard_on_rectangle,0.8270959606731255,0.7706144863373376,0.1946267065093027
20260916,xfeat_h,non_stability,original,0.8270959606731255,0.7706168157984394,0.19467101064871578
20260916,xfeat_h,non_stability,original_isotonic,0.8270959606731255,0.8396944145884855,0.16486222723093896
20260916,xfeat_h,non_stability,pole_guard,0.8270959606731255,0.819421217964751,0.1746106912835842
20260916,xfeat_h,non_stability,rectangle_guard_on_fov,0.8271416677323784,0.8194419602766726,0.17459979595807487
20260916,xfeat_h,non_stability_e1_e2,curvature_clipped,0.8289272080028574,0.820684585407611,0.1740882695714311
20260916,xfeat_h,non_stability_e1_e2,curvature_removed,0.8289272080028574,0.820684585407611,0.17408818870250517
20260916,xfeat_h,non_stability_e1_e2,fov_curvature,0.8289272080028574,0.8206774178349899,0.174076742686084
20260916,xfeat_h,non_stability_e1_e2,fov_guard_on_fov,0.8289272080028574,0.8206759016177045,0.1740910897850327
20260916,xfeat_h,non_stability_e1_e2,fov_guard_on_rectangle,0.8289272080028574,0.820684585407611,0.17408673012080578
20260916,xfeat_h,non_stability_e1_e2,original,0.8289272080028574,0.820684585407611,0.17408582825194224
20260916,xfeat_h,non_stability_e1_e2,original_isotonic,0.8289272080028574,0.8329284072910835,0.1641685753934491
20260916,xfeat_h,non_stability_e1_e2,pole_guard,0.8289355058465457,0.8207027937988272,0.17407936767060936
20260916,xfeat_h,non_stability_e1_e2,rectangle_guard_on_fov,0.8290480734934791,0.8209983481963973,0.17404794275101682
20260917,sp_lg_h,non_stability,curvature_clipped,0.8165671645177904,0.8528238899313298,0.15659379115740008
20260917,sp_lg_h,non_stability,curvature_removed,0.816594466435494,0.8528172510240327,0.1565792969664084
20260917,sp_lg_h,non_stability,fov_curvature,0.8166277622035446,0.8529441671560846,0.15658774897074612
20260917,sp_lg_h,non_stability,fov_guard_on_fov,0.8165644807042023,0.8528264324915713,0.15659298798696408
20260917,sp_lg_h,non_stability,fov_guard_on_rectangle,0.8165730971583537,0.8528364614791902,0.15657829527547268
20260917,sp_lg_h,non_stability,original,0.8165730971583537,0.8528238899313298,0.15660943526159166
20260917,sp_lg_h,non_stability,original_isotonic,0.8165730971583537,0.8539236067303143,0.15945832846136887
20260917,sp_lg_h,non_stability,pole_guard,0.816789073525529,0.8528774602630838,0.15657804611966955
20260917,sp_lg_h,non_stability,rectangle_guard_on_fov,0.8167743831774674,0.8529173360828699,0.15653808051556234
20260917,sp_lg_h,non_stability_e1_e2,curvature_clipped,0.8363985268770814,0.8525283736700751,0.1563511432981317
20260917,sp_lg_h,non_stability_e1_e2,curvature_removed,0.8364518735577026,0.8525220408116956,0.1563106304720614
20260917,sp_lg_h,non_stability_e1_e2,fov_curvature,0.8364518735577026,0.8525291599803717,0.15631057771711443
20260917,sp_lg_h,non_stability_e1_e2,fov_guard_on_fov,0.8364403378677185,0.8525360813943625,0.15631217026819233
20260917,sp_lg_h,non_stability_e1_e2,fov_guard_on_rectangle,0.836401493197363,0.8525273848966478,0.15635148781581357
20260917,sp_lg_h,non_stability_e1_e2,original,0.8363985268770814,0.8525273848966478,0.156351246909462
20260917,sp_lg_h,non_stability_e1_e2,original_isotonic,0.8363985268770814,0.8624845528568647,0.15705705912292756
20260917,sp_lg_h,non_stability_e1_e2,pole_guard,0.8362198884778961,0.852505500044792,0.15635313273181
20260917,sp_lg_h,non_stability_e1_e2,rectangle_guard_on_fov,0.8365952150997583,0.8525618695470336,0.1563301098074995
20260917,xfeat_h,non_stability,curvature_clipped,0.8302458800947501,0.8281282369762223,0.16588449349223716
20260917,xfeat_h,non_stability,curvature_removed,0.8302303618405655,0.8281398153627639,0.16588781489521776
20260917,xfeat_h,non_stability,fov_curvature,0.8299357355517583,0.7678742385211559,0.18796110649562364
20260917,xfeat_h,non_stability,fov_guard_on_fov,0.8302270973788046,0.8281040349321316,0.16588324571741964
20260917,xfeat_h,non_stability,fov_guard_on_rectangle,0.8299542425918337,0.7678752837921631,0.18796367459908087
20260917,xfeat_h,non_stability,original,0.8296626050889173,0.7675836462892467,0.18809478945581248
20260917,xfeat_h,non_stability,original_isotonic,0.8296626050889173,0.8023895718446139,0.1747795366314372
20260917,xfeat_h,non_stability,pole_guard,0.8302402799363614,0.8282063497339984,0.16590238291999215
20260917,xfeat_h,non_stability,rectangle_guard_on_fov,0.8302469949410959,0.8281524528041062,0.16593998358724565
20260917,xfeat_h,non_stability_e1_e2,curvature_clipped,0.8343332468645783,0.8294577576356096,0.1639624867191255
20260917,xfeat_h,non_stability_e1_e2,curvature_removed,0.8343484986320885,0.8294571143919128,0.16396314412931481
20260917,xfeat_h,non_stability_e1_e2,fov_curvature,0.8343506144443908,0.7706642674264907,0.1861960051965168
20260917,xfeat_h,non_stability_e1_e2,fov_guard_on_fov,0.8343332468645783,0.8294734895385932,0.16395411422600217
20260917,xfeat_h,non_stability_e1_e2,fov_guard_on_rectangle,0.8340416093616619,0.7704046312974884,0.18639378905328244
20260917,xfeat_h,non_stability_e1_e2,original,0.8337499718587456,0.770112993794572,0.18652970971509406
20260917,xfeat_h,non_stability_e1_e2,original_isotonic,0.8337499718587456,0.8212315207546164,0.16978279144374364
20260917,xfeat_h,non_stability_e1_e2,pole_guard,0.8343614485060834,0.8294179890940572,0.16403091679697984
20260917,xfeat_h,non_stability_e1_e2,rectangle_guard_on_fov,0.8343774423011437,0.8294610220973707,0.1640108812602361
20260918,sp_lg_h,non_stability,curvature_clipped,0.8324493008994676,0.848807789238285,0.1593399981923333
20260918,sp_lg_h,non_stability,curvature_removed,0.8324748677552287,0.8488902105661116,0.159302206446063
20260918,sp_lg_h,non_stability,fov_curvature,0.8324748677552287,0.8488842779255482,0.1593009442171333
20260918,sp_lg_h,non_stability,fov_guard_on_fov,0.8324659334810469,0.8489020758472383,0.1593005177968485
20260918,sp_lg_h,non_stability,fov_guard_on_rectangle,0.8324494068394778,0.848807789238285,0.1593395084155076
20260918,sp_lg_h,non_stability,original,0.8324493008994676,0.848807789238285,0.15934011927076178
20260918,sp_lg_h,non_stability,original_isotonic,0.8324493008994676,0.8653227195599077,0.15805124501901296
20260918,sp_lg_h,non_stability,pole_guard,0.8332008440392773,0.8489158880703276,0.15928203294886703
20260918,sp_lg_h,non_stability,rectangle_guard_on_fov,0.8331412798571766,0.8491859204117151,0.15924168433585456
20260918,sp_lg_h,non_stability_e1_e2,curvature_clipped,0.8329032726090907,0.8492329552874339,0.15935256166898382
20260918,sp_lg_h,non_stability_e1_e2,curvature_removed,0.832974417211402,0.849398468896484,0.15930961924798098
20260918,sp_lg_h,non_stability_e1_e2,fov_curvature,0.832974417211402,0.849398362956474,0.15931153515160829
20260918,sp_lg_h,non_stability_e1_e2,fov_guard_on_fov,0.8329808771977932,0.8492841172496255,0.15932908753838243
20260918,sp_lg_h,non_stability_e1_e2,fov_guard_on_rectangle,0.8329214660401517,0.84923182526066,0.15935479974563352
20260918,sp_lg_h,non_stability_e1_e2,original,0.8329032726090907,0.8492329552874339,0.15935256848532636
20260918,sp_lg_h,non_stability_e1_e2,original_isotonic,0.8329032726090907,0.8677905076449302,0.15340490316483607
20260918,sp_lg_h,non_stability_e1_e2,pole_guard,0.8333154333953399,0.8493330716237981,0.15930686482386722
20260918,sp_lg_h,non_stability_e1_e2,rectangle_guard_on_fov,0.8331475749807337,0.8492347592944626,0.15929280302901316
20260918,xfeat_h,non_stability,curvature_clipped,0.8322276519630413,0.8077406006366646,0.17936357323899255
20260918,xfeat_h,non_stability,curvature_removed,0.8322276519630413,0.8077406006366646,0.17936375616920247
20260918,xfeat_h,non_stability,fov_curvature,0.8321581816437909,0.8077469549654692,0.17937465607827768
20260918,xfeat_h,non_stability,fov_guard_on_fov,0.8322276519630413,0.8077463898299356,0.17936554211525113
20260918,xfeat_h,non_stability,fov_guard_on_rectangle,0.8319360144601249,0.8074492388096185,0.17951340316410166
20260918,xfeat_h,non_stability,original,0.8316443769572085,0.807156360765287,0.17965245797234866
20260918,xfeat_h,non_stability,original_isotonic,0.8316443769572085,0.8102234237365987,0.17660102930097815
20260918,xfeat_h,non_stability,pole_guard,0.8322102843832286,0.8077327438743687,0.17936789518436716
20260918,xfeat_h,non_stability,rectangle_guard_on_fov,0.8321119439084882,0.8078745653257113,0.1793826529214066
20260918,xfeat_h,non_stability_e1_e2,curvature_clipped,0.8363840815112928,0.8121251664075406,0.17841412403223578
20260918,xfeat_h,non_stability_e1_e2,curvature_removed,0.8363840815112928,0.8121242015419956,0.17841335314151124
20260918,xfeat_h,non_stability_e1_e2,fov_curvature,0.8364026896325206,0.8121337468189956,0.17842741207157153
20260918,xfeat_h,non_stability_e1_e2,fov_guard_on_fov,0.836401435307312,0.8121309556008114,0.17841707819307615
20260918,xfeat_h,non_stability_e1_e2,fov_guard_on_rectangle,0.8363840815112928,0.8121251664075406,0.17842188864898173
20260918,xfeat_h,non_stability_e1_e2,original,0.8363840815112928,0.8121251664075406,0.17842238120028875
20260918,xfeat_h,non_stability_e1_e2,original_isotonic,0.8363840815112928,0.8116557814723515,0.17862827186698937
20260918,xfeat_h,non_stability_e1_e2,pole_guard,0.8363843571871628,0.8122235826931453,0.17841657894799678
20260918,xfeat_h,non_stability_e1_e2,rectangle_guard_on_fov,0.8363971623313263,0.8122626436666314,0.17843571278233133
20260919,sp_lg_h,non_stability,curvature_clipped,0.8436084203580217,0.8602091980737674,0.1512317791465598
20260919,sp_lg_h,non_stability,curvature_removed,0.8436765096504429,0.860446939227454,0.15122556499045736
20260919,sp_lg_h,non_stability,fov_curvature,0.8436658615023207,0.8604462635656122,0.1512254788641009
20260919,sp_lg_h,non_stability,fov_guard_on_fov,0.8436004729738893,0.8604205837071737,0.15122604687108335
20260919,sp_lg_h,non_stability,fov_guard_on_rectangle,0.843609409131449,0.860306338000325,0.15124818424192085
20260919,sp_lg_h,non_stability,original,0.8436084203580217,0.8601898039892593,0.1512495339266246
20260919,sp_lg_h,non_stability,original_isotonic,0.8436084203580217,0.8431885593473661,0.1699198896500829
20260919,sp_lg_h,non_stability,pole_guard,0.8437967776600983,0.8604190823858884,0.15122407538377827
20260919,sp_lg_h,non_stability,rectangle_guard_on_fov,0.8436185122370118,0.8607620626639808,0.15118458768356963
20260919,sp_lg_h,non_stability_e1_e2,curvature_clipped,0.8260661527639244,0.8606850296804877,0.15178644572540437
20260919,sp_lg_h,non_stability_e1_e2,curvature_removed,0.8260486773707094,0.8608341461302029,0.15177890802752825
20260919,sp_lg_h,non_stability_e1_e2,fov_curvature,0.8261247422979325,0.8608753921074529,0.15178148957393753
20260919,sp_lg_h,non_stability_e1_e2,fov_guard_on_fov,0.8261509447937538,0.8608308125512198,0.15177465476533794
20260919,sp_lg_h,non_stability_e1_e2,fov_guard_on_rectangle,0.8260651545736074,0.8607264875377577,0.15181237999603056
20260919,sp_lg_h,non_stability_e1_e2,original,0.8260661527639244,0.8606817808535125,0.15181464317927298
20260919,sp_lg_h,non_stability_e1_e2,original_isotonic,0.8260661527639244,0.844402644070977,0.16171249366200893
20260919,sp_lg_h,non_stability_e1_e2,pole_guard,0.8261911643300175,0.8607660125783999,0.15177082409907142
20260919,sp_lg_h,non_stability_e1_e2,rectangle_guard_on_fov,0.8261658776267273,0.8608389134306557,0.15174161844480702
20260919,xfeat_h,non_stability,curvature_clipped,0.8214422512622677,0.8203856589690547,0.17100413372530412
20260919,xfeat_h,non_stability,curvature_removed,0.8214422512622677,0.8203856589690547,0.17100393957993756
20260919,xfeat_h,non_stability,fov_curvature,0.8214422512622677,0.8203855785635926,0.1710044162360932
20260919,xfeat_h,non_stability,fov_guard_on_fov,0.8214422512622677,0.8203856589690547,0.17100517058664652
20260919,xfeat_h,non_stability,fov_guard_on_rectangle,0.8214422512622677,0.744185695217227,0.1947894285130059
20260919,xfeat_h,non_stability,original,0.8214422512622677,0.744185695217227,0.1947776496348147
20260919,xfeat_h,non_stability,original_isotonic,0.8214422512622677,0.8221236530284023,0.17340257584575627
20260919,xfeat_h,non_stability,pole_guard,0.8213949728505556,0.8202186338512937,0.171020463741113
20260919,xfeat_h,non_stability,rectangle_guard_on_fov,0.8214260553049028,0.8202217076372443,0.17100209707658034
20260919,xfeat_h,non_stability_e1_e2,curvature_clipped,0.811855598530223,0.8159348312209578,0.17197861147774154
20260919,xfeat_h,non_stability_e1_e2,curvature_removed,0.8117469822374268,0.8159610479961988,0.17195839667619464
20260919,xfeat_h,non_stability_e1_e2,fov_curvature,0.8118592627219957,0.8159713353007492,0.1719697184466681
20260919,xfeat_h,non_stability_e1_e2,fov_guard_on_fov,0.8118576086667755,0.8159546500187149,0.17197619571172937
20260919,xfeat_h,non_stability_e1_e2,fov_guard_on_rectangle,0.811855598530223,0.8159434116324129,0.17198299305301493
20260919,xfeat_h,non_stability_e1_e2,original,0.811855598530223,0.8159434116324129,0.17198358364441316
20260919,xfeat_h,non_stability_e1_e2,original_isotonic,0.811855598530223,0.8179948488606305,0.16912132522796613
20260919,xfeat_h,non_stability_e1_e2,pole_guard,0.8115555253456833,0.8158565737333497,0.17201814831466963
20260919,xfeat_h,non_stability_e1_e2,rectangle_guard_on_fov,0.8120211212144924,0.8161389806892178,0.17198816642213077
20260920,sp_lg_h,non_stability,curvature_clipped,0.8323298850510719,0.8562490876513583,0.15366608149521738
20260920,sp_lg_h,non_stability,curvature_removed,0.8323576060203708,0.8562846834947384,0.1536576184155279
20260920,sp_lg_h,non_stability,fov_curvature,0.8323565819336068,0.8562490876513583,0.1536591129675792
20260920,sp_lg_h,non_stability,fov_guard_on_fov,0.8323634327209241,0.8563202793381186,0.1536574462481634
20260920,sp_lg_h,non_stability,fov_guard_on_rectangle,0.8323298850510719,0.8562510651982128,0.15366798915994972
20260920,sp_lg_h,non_stability,original,0.8323298850510719,0.8562490876513584,0.1536705554917004
20260920,sp_lg_h,non_stability,original_isotonic,0.8323298850510719,0.8495384177349397,0.15455239203910115
20260920,sp_lg_h,non_stability,pole_guard,0.8327068000331868,0.8558861724902298,0.15364375476136205
20260920,sp_lg_h,non_stability,rectangle_guard_on_fov,0.8324276283312106,0.8558791905390905,0.15363689677874487
20260920,sp_lg_h,non_stability_e1_e2,curvature_clipped,0.8124047628232857,0.8536733706082601,0.15639751202703095
20260920,sp_lg_h,non_stability_e1_e2,curvature_removed,0.8124030795542367,0.8536559587790511,0.15639029312259356
20260920,sp_lg_h,non_stability_e1_e2,fov_curvature,0.8124030795542367,0.8536559587790511,0.15639099074443497
20260920,sp_lg_h,non_stability_e1_e2,fov_guard_on_fov,0.8124030795542367,0.8536585295899619,0.15638859670885666
20260920,sp_lg_h,non_stability_e1_e2,fov_guard_on_rectangle,0.8124115429839295,0.8537354655794899,0.15641565682175196
20260920,sp_lg_h,non_stability_e1_e2,original,0.8124115429839295,0.8537172438977596,0.15642689417301117
20260920,sp_lg_h,non_stability_e1_e2,original_isotonic,0.8124115429839295,0.842850188098714,0.15670876706964504
20260920,sp_lg_h,non_stability_e1_e2,pole_guard,0.8126208938965075,0.8536367584134184,0.15637717123736894
20260920,sp_lg_h,non_stability_e1_e2,rectangle_guard_on_fov,0.8125202014482791,0.8537215810481396,0.1563463925729406
20260920,xfeat_h,non_stability,curvature_clipped,0.8322969289809959,0.8236102356170599,0.17286550612216378
20260920,xfeat_h,non_stability,curvature_removed,0.8322921322208573,0.8236291883331252,0.17285792272493208
20260920,xfeat_h,non_stability,fov_curvature,0.8319568414439197,0.8021095715390928,0.1775397261288218
20260920,xfeat_h,non_stability,fov_guard_on_fov,0.8322484789468361,0.8235918480365282,0.17287059123397136
20260920,xfeat_h,non_stability,fov_guard_on_rectangle,0.8320052914780796,0.802114878299591,0.1775404733362915
20260920,xfeat_h,non_stability,original,0.8317136539751632,0.791628843609113,0.17933883758997204
20260920,xfeat_h,non_stability,original_isotonic,0.8317136539751632,0.8174610498954723,0.18224024258368762
20260920,xfeat_h,non_stability,pole_guard,0.8322631862545029,0.823670608632599,0.17262598235152282
20260920,xfeat_h,non_stability,rectangle_guard_on_fov,0.8322228410909224,0.8235862656001599,0.17279056715294028
20260920,xfeat_h,non_stability_e1_e2,curvature_clipped,0.8350934562229586,0.8312547312346122,0.16912588866010428
20260920,xfeat_h,non_stability_e1_e2,curvature_removed,0.8350982805506842,0.8312469571750772,0.16911870479665714
20260920,xfeat_h,non_stability_e1_e2,fov_curvature,0.8348292898204919,0.8065489492212006,0.17407617200893508
20260920,xfeat_h,non_stability_e1_e2,fov_guard_on_fov,0.8351151381301373,0.8310227322679524,0.16915060976205845
20260920,xfeat_h,non_stability_e1_e2,fov_guard_on_rectangle,0.8348018187200422,0.8065805003245267,0.1740742649883524
20260920,xfeat_h,non_stability_e1_e2,original,0.8345101812171258,0.7951727295787732,0.1758732916120096
20260920,xfeat_h,non_stability_e1_e2,original_isotonic,0.8345101812171258,0.8107900125086589,0.1864449192342369
20260920,xfeat_h,non_stability_e1_e2,pole_guard,0.835095937305789,0.8316036266157362,0.16867897031198076
20260920,xfeat_h,non_stability_e1_e2,rectangle_guard_on_fov,0.8351731954683683,0.8311077438143761,0.16885751775745894
20260921,sp_lg_h,non_stability,curvature_clipped,0.8654944093706497,0.8638488785077266,0.15273214533048485
20260921,sp_lg_h,non_stability,curvature_removed,0.8654283616599335,0.8637538997573745,0.15273212852485257
20260921,sp_lg_h,non_stability,fov_curvature,0.8654283616599335,0.8637494079009479,0.15273414684367853
20260921,sp_lg_h,non_stability,fov_guard_on_fov,0.8655253438535873,0.8638603059034784,0.15272959734805996
20260921,sp_lg_h,non_stability,fov_guard_on_rectangle,0.8654944093706497,0.8638490903877467,0.15272953966657749
20260921,sp_lg_h,non_stability,original,0.8654944093706497,0.8638488785077266,0.15273224227991034
20260921,sp_lg_h,non_stability,original_isotonic,0.8654944093706497,0.8601957482327746,0.1523705245670257
20260921,sp_lg_h,non_stability,pole_guard,0.8656334356229624,0.8638641974331814,0.15271722656676973
20260921,sp_lg_h,non_stability,rectangle_guard_on_fov,0.8653390565856757,0.8636932008400551,0.15271472729651
20260921,sp_lg_h,non_stability_e1_e2,curvature_clipped,0.8621498132990222,0.8505290426572253,0.15864017451047563
20260921,sp_lg_h,non_stability_e1_e2,curvature_removed,0.8621654359191724,0.8505391022497362,0.15863287119882746
20260921,sp_lg_h,non_stability_e1_e2,fov_curvature,0.8621616785801489,0.8505305258173664,0.1586447410726785
20260921,sp_lg_h,non_stability_e1_e2,fov_guard_on_fov,0.862151190519153,0.8505111811715292,0.15863572608078774
20260921,sp_lg_h,non_stability_e1_e2,fov_guard_on_rectangle,0.8621557186978688,0.8504268892458109,0.1586375862205821
20260921,sp_lg_h,non_stability_e1_e2,original,0.8621498132990222,0.8505290426572253,0.1586403536157202
20260921,sp_lg_h,non_stability_e1_e2,original_isotonic,0.8621498132990222,0.8568470120591847,0.1614613323793635
20260921,sp_lg_h,non_stability_e1_e2,pole_guard,0.8621609309463635,0.8509429795361512,0.15861926825870803
20260921,sp_lg_h,non_stability_e1_e2,rectangle_guard_on_fov,0.8622252237524051,0.8508828234352638,0.15859227556007335
20260921,xfeat_h,non_stability,curvature_clipped,0.8391292523077798,0.8350028164254614,0.16576419080348437
20260921,xfeat_h,non_stability,curvature_removed,0.8391996874925751,0.8350028164254614,0.16576474306462377
20260921,xfeat_h,non_stability,fov_curvature,0.8388378904807333,0.834711178922545,0.1659051352765098
20260921,xfeat_h,non_stability,fov_guard_on_fov,0.8391131252693823,0.8350015758840462,0.16576620897242497
20260921,xfeat_h,non_stability,fov_guard_on_rectangle,0.8388376148048634,0.8347285465023576,0.1659058759952456
20260921,xfeat_h,non_stability,original,0.838545977301947,0.8344195414196286,0.16604766223901307
20260921,xfeat_h,non_stability,original_isotonic,0.838545977301947,0.8254625624693729,0.1621788978474919
20260921,xfeat_h,non_stability,pole_guard,0.8392056696589552,0.8350686432286292,0.16571655166481883
20260921,xfeat_h,non_stability,rectangle_guard_on_fov,0.8390271426218876,0.8349604985384822,0.16575027402658
20260921,xfeat_h,non_stability_e1_e2,curvature_clipped,0.8392035415068753,0.8353855184636261,0.16555421005742227
20260921,xfeat_h,non_stability_e1_e2,curvature_removed,0.8392070150228378,0.8353851256255113,0.16555618178042342
20260921,xfeat_h,non_stability_e1_e2,fov_curvature,0.8389153775199214,0.8351629584418452,0.1656970976879381
20260921,xfeat_h,non_stability_e1_e2,fov_guard_on_fov,0.8392035415068753,0.8353793364322404,0.16555688547504538
20260921,xfeat_h,non_stability_e1_e2,fov_guard_on_rectangle,0.8389119040039589,0.8350938809607097,0.16569493420211912
20260921,xfeat_h,non_stability_e1_e2,original,0.8386202665010425,0.8348022434577933,0.16583810293254178
20260921,xfeat_h,non_stability_e1_e2,original_isotonic,0.8386202665010425,0.8217809216612766,0.16845409795409638
20260921,xfeat_h,non_stability_e1_e2,pole_guard,0.8389230964442826,0.8353092067882011,0.16550029233471122
20260921,xfeat_h,non_stability_e1_e2,rectangle_guard_on_fov,0.8387830002644266,0.8351593792501328,0.1655147979271654
20260922,sp_lg_h,non_stability,curvature_clipped,0.8587778179121435,0.8661408490565294,0.1489250290978179
20260922,sp_lg_h,non_stability,curvature_removed,0.8586911213163554,0.8660001425620253,0.1489232570979172
20260922,sp_lg_h,non_stability,fov_curvature,0.8586937768792742,0.8660011313354525,0.1489252212946487
20260922,sp_lg_h,non_stability,fov_guard_on_fov,0.8570610633450345,0.8640118786143666,0.1492667781325303
20260922,sp_lg_h,non_stability,fov_guard_on_rectangle,0.8587784111761998,0.8661272604845726,0.14892557912035204
20260922,sp_lg_h,non_stability,original,0.8587778179121435,0.8661408490565294,0.14892486056238013
20260922,sp_lg_h,non_stability,original_isotonic,0.8587778179121435,0.851820581736513,0.16544056218763986
20260922,sp_lg_h,non_stability,pole_guard,0.8585996597743369,0.8659484196222567,0.14893032348060486
20260922,sp_lg_h,non_stability,rectangle_guard_on_fov,0.8569669179894284,0.8640021657651903,0.14926119634121962
20260922,sp_lg_h,non_stability_e1_e2,curvature_clipped,0.8670000980750251,0.8669906835394634,0.14803227257975654
20260922,sp_lg_h,non_stability_e1_e2,curvature_removed,0.8667455060697068,0.8670090464745405,0.14802046592486945
20260922,sp_lg_h,non_stability_e1_e2,fov_curvature,0.8669878544367197,0.8669403973480218,0.1480287042034129
20260922,sp_lg_h,non_stability_e1_e2,fov_guard_on_fov,0.8670187858927997,0.8669231432517166,0.148038040906244
20260922,sp_lg_h,non_stability_e1_e2,fov_guard_on_rectangle,0.8670005924617387,0.866920282871445,0.1480332003725196
20260922,sp_lg_h,non_stability_e1_e2,original,0.8670000980750251,0.8669906835394634,0.14803222300143565
20260922,sp_lg_h,non_stability_e1_e2,original_isotonic,0.8670000980750251,0.8498307508856578,0.16089017789642085
20260922,sp_lg_h,non_stability_e1_e2,pole_guard,0.8667554331531254,0.8669291677069553,0.14804082897233556
20260922,sp_lg_h,non_stability_e1_e2,rectangle_guard_on_fov,0.8667577402911226,0.8668541857220574,0.1480403792938182
20260922,xfeat_h,non_stability,curvature_clipped,0.837286880669047,0.8361027011854939,0.16523260815660729
20260922,xfeat_h,non_stability,curvature_removed,0.8372929455381879,0.8361027011854939,0.16523115026482332
20260922,xfeat_h,non_stability,fov_curvature,0.8373305132673776,0.8360706079196233,0.16524709335143783
20260922,xfeat_h,non_stability,fov_guard_on_fov,0.8373305132673776,0.8360757538691974,0.16524674468719894
20260922,xfeat_h,non_stability,fov_guard_on_rectangle,0.837286880669047,0.7890442427173432,0.1825564140085542
20260922,xfeat_h,non_stability,original,0.837286880669047,0.7890442427173432,0.1825773933755107
20260922,xfeat_h,non_stability,original_isotonic,0.837286880669047,0.8249054300360266,0.17115964588937965
20260922,xfeat_h,non_stability,pole_guard,0.8325868855174763,0.8405914449989309,0.16227017747139194
20260922,xfeat_h,non_stability,rectangle_guard_on_fov,0.8326452966397402,0.8408568105914324,0.16227530060545614
20260922,xfeat_h,non_stability_e1_e2,curvature_clipped,0.8363849366972241,0.8366010758341693,0.16392540525768085
20260922,xfeat_h,non_stability_e1_e2,curvature_removed,0.8363715089850543,0.8366011562396314,0.16392313566386738
20260922,xfeat_h,non_stability_e1_e2,fov_curvature,0.8363837099396026,0.8365166018556921,0.1639405632902761
20260922,xfeat_h,non_stability_e1_e2,fov_guard_on_fov,0.8363810860960539,0.8365138401742084,0.16393369581017864
20260922,xfeat_h,non_stability_e1_e2,fov_guard_on_rectangle,0.8363849366972241,0.8366011792126207,0.16392574609144905
20260922,xfeat_h,non_stability_e1_e2,original,0.8363849366972241,0.8366011792126207,0.16392540765905417
20260922,xfeat_h,non_stability_e1_e2,original_isotonic,0.8363849366972241,0.8258105981356049,0.16995213393886843
20260922,xfeat_h,non_stability_e1_e2,pole_guard,0.8340409722878546,0.8409889029162244,0.16122479524626088
20260922,xfeat_h,non_stability_e1_e2,rectangle_guard_on_fov,0.8340346211752685,0.8410742622737044,0.16122605337927018
20260923,sp_lg_h,non_stability,curvature_clipped,0.8209926086654505,0.851839383296864,0.15477372960791122
20260923,sp_lg_h,non_stability,curvature_removed,0.8210131045260635,0.8520237754157068,0.1546795211760511
20260923,sp_lg_h,non_stability,fov_curvature,0.8212359599312253,0.8520247500637995,0.15468003088263793
20260923,sp_lg_h,non_stability,fov_guard_on_fov,0.8212362565632536,0.8520250466958276,0.15468126547789393
20260923,sp_lg_h,non_stability,fov_guard_on_rectangle,0.8209926086654505,0.8518413608437184,0.15477328305334315
20260923,sp_lg_h,non_stability,original,0.8209926086654505,0.8518567574585139,0.15476584691087092
20260923,sp_lg_h,non_stability,original_isotonic,0.8209926086654505,0.8455769421662,0.16674735920867748
20260923,sp_lg_h,non_stability,pole_guard,0.8212192920363093,0.8520241638624104,0.15469610502675632
20260923,sp_lg_h,non_stability,rectangle_guard_on_fov,0.8215041576606928,0.8520209503487719,0.15469656367704274
20260923,sp_lg_h,non_stability_e1_e2,curvature_clipped,0.83049668707683,0.8518406125372989,0.15431102243236067
20260923,sp_lg_h,non_stability_e1_e2,curvature_removed,0.830548891959565,0.8520081107558709,0.15420325461245818
20260923,sp_lg_h,non_stability_e1_e2,fov_curvature,0.8305916093258435,0.8520081107558709,0.15419789138007922
20260923,sp_lg_h,non_stability_e1_e2,fov_guard_on_fov,0.8305501632396858,0.8520081107558709,0.15420447419422387
20260923,sp_lg_h,non_stability_e1_e2,fov_guard_on_rectangle,0.8305125074516657,0.8518742308338244,0.1543086199078928
20260923,sp_lg_h,non_stability_e1_e2,original,0.83049668707683,0.8518346798967356,0.15431186409400682
20260923,sp_lg_h,non_stability_e1_e2,original_isotonic,0.83049668707683,0.8434299957222354,0.16964443517624647
20260923,sp_lg_h,non_stability_e1_e2,pole_guard,0.8306036135060946,0.8519764700061997,0.15421945309124593
20260923,sp_lg_h,non_stability_e1_e2,rectangle_guard_on_fov,0.8307765923545204,0.8519787300597476,0.1542152158808661
20260923,xfeat_h,non_stability,curvature_clipped,0.8375107629504464,0.8153515786630179,0.17463452588477835
20260923,xfeat_h,non_stability,curvature_removed,0.8375114383563279,0.8153757003016463,0.17463543870165835
20260923,xfeat_h,non_stability,fov_curvature,0.8375010453760273,0.779651925523859,0.18068944809470228
20260923,xfeat_h,non_stability,fov_guard_on_fov,0.8374941879387601,0.815306229982396,0.174635243144339
20260923,xfeat_h,non_stability,fov_guard_on_rectangle,0.83721912544753,0.7793950231805677,0.18083121746822203
20260923,xfeat_h,non_stability,original,0.8369274879446136,0.7791033856776514,0.18099404484316126
20260923,xfeat_h,non_stability,original_isotonic,0.8369274879446136,0.8094906887277056,0.17516605620966716
20260923,xfeat_h,non_stability,pole_guard,0.8375057663253017,0.8152743894194062,0.17464909425072442
20260923,xfeat_h,non_stability,rectangle_guard_on_fov,0.8376320120899872,0.8152558656418674,0.1746974634775937
20260923,xfeat_h,non_stability_e1_e2,curvature_clipped,0.8365667773582496,0.8137123292061061,0.17615626129747514
20260923,xfeat_h,non_stability_e1_e2,curvature_removed,0.8365725665515205,0.8137123292061061,0.17615565570710304
20260923,xfeat_h,non_stability_e1_e2,fov_curvature,0.8365572091082601,0.8141451678896574,0.176158377206009
20260923,xfeat_h,non_stability_e1_e2,fov_guard_on_fov,0.836557852351957,0.8141464084310727,0.17616048518923075
20260923,xfeat_h,non_stability_e1_e2,fov_guard_on_rectangle,0.8362751398553332,0.8138384784842368,0.17630597266232492
20260923,xfeat_h,non_stability_e1_e2,original,0.8359835023524168,0.8135468409813205,0.17644822774370442
20260923,xfeat_h,non_stability_e1_e2,original_isotonic,0.8359835023524168,0.8035217887239647,0.17825218400247464
20260923,xfeat_h,non_stability_e1_e2,pole_guard,0.8365677031697133,0.8137260946212169,0.17616821193101181
20260923,xfeat_h,non_stability_e1_e2,rectangle_guard_on_fov,0.8365341511190302,0.8140789528429726,0.1762248827241389
20260924,sp_lg_h,non_stability,curvature_clipped,0.8410041769997566,0.8564801018498288,0.15231410784650734
20260924,sp_lg_h,non_stability,curvature_removed,0.8409833303599993,0.8565797443148463,0.1523139211342996
20260924,sp_lg_h,non_stability,fov_curvature,0.8409833303599993,0.8565238079895346,0.15231030368848017
20260924,sp_lg_h,non_stability,fov_guard_on_fov,0.8409550514399806,0.8564216818198369,0.15231117468349037
20260924,sp_lg_h,non_stability,fov_guard_on_rectangle,0.8410199973745922,0.8564953289606081,0.1523168311634567
20260924,sp_lg_h,non_stability,original,0.8411212477735401,0.8564948345738946,0.15231793048236436
20260924,sp_lg_h,non_stability,original_isotonic,0.8411212477735401,0.8266503532656337,0.17110241561963224
20260924,sp_lg_h,non_stability,pole_guard,0.8411234113039677,0.8561611911420218,0.15233045853574934
20260924,sp_lg_h,non_stability,rectangle_guard_on_fov,0.8410626370515301,0.856538071214381,0.15230816165483924
20260924,sp_lg_h,non_stability_e1_e2,curvature_clipped,0.838594114953581,0.8547796087043172,0.15256929219193527
20260924,sp_lg_h,non_stability_e1_e2,curvature_removed,0.8386650476758721,0.8547905793809147,0.15256027486685098
20260924,sp_lg_h,non_stability_e1_e2,fov_curvature,0.8386660364492994,0.8547595036446305,0.15257712994891878
20260924,sp_lg_h,non_stability_e1_e2,fov_guard_on_fov,0.8386192392155223,0.854792133167729,0.1525676288087682
20260924,sp_lg_h,non_stability_e1_e2,fov_guard_on_rectangle,0.838684291090144,0.8548033392665707,0.1525676270908449
20260924,sp_lg_h,non_stability_e1_e2,original,0.838684291090144,0.8547796087043172,0.1525717706802115
20260924,sp_lg_h,non_stability_e1_e2,original_isotonic,0.838684291090144,0.8296123049848763,0.17474522271190512
20260924,sp_lg_h,non_stability_e1_e2,pole_guard,0.8386651230109905,0.8547196089910644,0.15259337365377745
20260924,sp_lg_h,non_stability_e1_e2,rectangle_guard_on_fov,0.8388231101708813,0.8547974725442359,0.15259115414922017
20260924,xfeat_h,non_stability,curvature_clipped,0.8464222283068378,0.8342885892771087,0.16436212748803677
20260924,xfeat_h,non_stability,curvature_removed,0.8464222283068378,0.8342885892771087,0.16436153542620424
20260924,xfeat_h,non_stability,fov_curvature,0.8464219388471742,0.8342885892771087,0.1643647912057039
20260924,xfeat_h,non_stability,fov_guard_on_fov,0.8464222283068378,0.8342885892771087,0.16436567019029674
20260924,xfeat_h,non_stability,fov_guard_on_rectangle,0.8464222283068378,0.8342885892771087,0.16436236962224232
20260924,xfeat_h,non_stability,original,0.8464222283068378,0.8342885892771087,0.16436229808123995
20260924,xfeat_h,non_stability,original_isotonic,0.8464222283068378,0.8119564322962941,0.16962484863894906
20260924,xfeat_h,non_stability,pole_guard,0.8463512279865086,0.8338889144007233,0.16458978639300836
20260924,xfeat_h,non_stability,rectangle_guard_on_fov,0.8463611339394387,0.8342879604735769,0.16439135965565993
20260924,xfeat_h,non_stability_e1_e2,curvature_clipped,0.8448376155757064,0.8296662411880052,0.16678484431396634
20260924,xfeat_h,non_stability_e1_e2,curvature_removed,0.844768145256456,0.8297059385132911,0.16677843068785284
20260924,xfeat_h,non_stability_e1_e2,fov_curvature,0.8448038452816263,0.8297069033788361,0.16678125419198375
20260924,xfeat_h,non_stability_e1_e2,fov_guard_on_fov,0.8448038452816263,0.8296344006250155,0.16678422901612233
20260924,xfeat_h,non_stability_e1_e2,fov_guard_on_rectangle,0.8448376155757064,0.8296662411880052,0.1667864405836582
20260924,xfeat_h,non_stability_e1_e2,original,0.8448376155757064,0.8296662411880052,0.16678631006000827
20260924,xfeat_h,non_stability_e1_e2,original_isotonic,0.8448376155757064,0.8103709436707234,0.1693099814834345
20260924,xfeat_h,non_stability_e1_e2,pole_guard,0.8447895928391451,0.8290507567386141,0.16734579105834313
20260924,xfeat_h,non_stability_e1_e2,rectangle_guard_on_fov,0.8447947594644095,0.8297019635297938,0.1667922410928598
20260925,sp_lg_h,non_stability,curvature_clipped,0.8206040303272321,0.8716122204260499,0.14323273943059947
20260925,sp_lg_h,non_stability,curvature_removed,0.8469082991850365,0.8775151624732492,0.14062119529262604
20260925,sp_lg_h,non_stability,fov_curvature,0.8469100789772055,0.8775152684132591,0.14062148446322303
20260925,sp_lg_h,non_stability,fov_guard_on_fov,0.8469499571512146,0.8772448836111396,0.1406362451264472
20260925,sp_lg_h,non_stability,fov_guard_on_rectangle,0.820552814217924,0.8713392280871493,0.14324832694406583
20260925,sp_lg_h,non_stability,original,0.8206040303272321,0.8712626748941908,0.14324367362786394
20260925,sp_lg_h,non_stability,original_isotonic,0.8206040303272321,0.8669791036909925,0.15086815217117971
20260925,sp_lg_h,non_stability,pole_guard,0.8469367499632936,0.8771047673538346,0.14064549600900172
20260925,sp_lg_h,non_stability,rectangle_guard_on_fov,0.8469549504570221,0.8770623560364739,0.14064214949704862
20260925,sp_lg_h,non_stability_e1_e2,curvature_clipped,0.8474350089692491,0.8768246533575077,0.14126215257690256
20260925,sp_lg_h,non_stability_e1_e2,curvature_removed,0.8476441910504459,0.8771798332163143,0.14111332769630963
20260925,sp_lg_h,non_stability_e1_e2,fov_curvature,0.8476550110568066,0.8771440655146957,0.14111624785402116
20260925,sp_lg_h,non_stability_e1_e2,fov_guard_on_fov,0.8476660853191916,0.8771772883018506,0.14113723918119914
20260925,sp_lg_h,non_stability_e1_e2,fov_guard_on_rectangle,0.8474613032797458,0.8769651580615166,0.14128058413808975
20260925,sp_lg_h,non_stability_e1_e2,original,0.8474417891298929,0.8768749819249535,0.14127355675853964
20260925,sp_lg_h,non_stability_e1_e2,original_isotonic,0.8474417891298929,0.8639113592014882,0.1536017367672718
20260925,sp_lg_h,non_stability_e1_e2,pole_guard,0.8476466982973506,0.8771689826050618,0.1411429723845482
20260925,sp_lg_h,non_stability_e1_e2,rectangle_guard_on_fov,0.8476144673104805,0.8771768221658062,0.14113831877555322
20260925,xfeat_h,non_stability,curvature_clipped,0.8388384118363137,0.8315165516354238,0.16943843160992172
20260925,xfeat_h,non_stability,curvature_removed,0.8388096588430685,0.8315330094848652,0.16943906930426728
20260925,xfeat_h,non_stability,fov_curvature,0.8385533928515773,0.8312357619779935,0.1695902127568198
20260925,xfeat_h,non_stability,fov_guard_on_fov,0.8388102951948685,0.8315273190754477,0.1694457863129084
20260925,xfeat_h,non_stability,fov_guard_on_rectangle,0.8385467743333973,0.7877507660215916,0.1827100832017715
20260925,xfeat_h,non_stability,original,0.8382551368304809,0.7874591285186752,0.1828435063195804
20260925,xfeat_h,non_stability,original_isotonic,0.8382551368304809,0.8379446035845106,0.16587311367740804
20260925,xfeat_h,non_stability,pole_guard,0.8388384118363137,0.8314533414557223,0.16944688776232342
20260925,xfeat_h,non_stability,rectangle_guard_on_fov,0.8388167620913198,0.8317856601842323,0.16944551302381178
20260925,xfeat_h,non_stability_e1_e2,curvature_clipped,0.8407911581204336,0.8256774503988735,0.1725422681433642
20260925,xfeat_h,non_stability_e1_e2,curvature_removed,0.8408034946156179,0.8256655618769779,0.1725327916631874
20260925,xfeat_h,non_stability_e1_e2,fov_curvature,0.8397763447022365,0.8252112618269439,0.17287011713550343
20260925,xfeat_h,non_stability_e1_e2,fov_guard_on_fov,0.8400679822051529,0.8254724233624274,0.1727280872279432
20260925,xfeat_h,non_stability_e1_e2,fov_guard_on_rectangle,0.8383264274637559,0.8243972484151858,0.17325495237576038
20260925,xfeat_h,non_stability_e1_e2,original,0.8380347899608395,0.8241133298366304,0.1733959389413036
20260925,xfeat_h,non_stability_e1_e2,original_isotonic,0.8380347899608395,0.8292135299499006,0.17163064776288897
20260925,xfeat_h,non_stability_e1_e2,pole_guard,0.8385359020709053,0.8246218162762201,0.17315060455202474
20260925,xfeat_h,non_stability_e1_e2,rectangle_guard_on_fov,0.8402399671912757,0.8255740076232387,0.17268145067701585
20260926,sp_lg_h,non_stability,curvature_clipped,0.8476610774172055,0.8672386171983331,0.14781548099793138
20260926,sp_lg_h,non_stability,curvature_removed,0.847692534537526,0.8672529261623584,0.14781217574039032
20260926,sp_lg_h,non_stability,fov_curvature,0.8476821406454279,0.8672529261623584,0.14780814924801125
20260926,sp_lg_h,non_stability,fov_guard_on_fov,0.8480363115517578,0.8673098865744341,0.1478121579083764
20260926,sp_lg_h,non_stability,fov_guard_on_rectangle,0.8481836270213019,0.8672587881762486,0.14782099117773487
20260926,sp_lg_h,non_stability,original,0.8479608735203402,0.8672623477605864,0.1478150319215493
20260926,sp_lg_h,non_stability,original_isotonic,0.8479608735203402,0.8401236631307036,0.17089765538115365
20260926,sp_lg_h,non_stability,pole_guard,0.8476927699597706,0.8672273239932606,0.1478020620392872
20260926,sp_lg_h,non_stability,rectangle_guard_on_fov,0.847752249389863,0.8675053600183292,0.14779209427252843
20260926,sp_lg_h,non_stability_e1_e2,curvature_clipped,0.8541252529118313,0.8665826341672941,0.1477234725226903
20260926,sp_lg_h,non_stability_e1_e2,curvature_removed,0.8540261007977176,0.8665958837312191,0.14771540998444455
20260926,sp_lg_h,non_stability_e1_e2,fov_curvature,0.8540277958378785,0.8665958837312191,0.1477107431950555
20260926,sp_lg_h,non_stability_e1_e2,fov_guard_on_fov,0.8540266658111046,0.8665217257241771,0.14773595069824705
20260926,sp_lg_h,non_stability_e1_e2,fov_guard_on_rectangle,0.854154520605277,0.8665295935355908,0.1477448120512189
20260926,sp_lg_h,non_stability_e1_e2,original,0.8541320330724751,0.8665129256406748,0.14774584598024657
20260926,sp_lg_h,non_stability_e1_e2,original_isotonic,0.8541320330724751,0.8382710332026041,0.16857201594630625
20260926,sp_lg_h,non_stability_e1_e2,pole_guard,0.8610654310642528,0.8591931106214087,0.15146767118978088
20260926,sp_lg_h,non_stability_e1_e2,rectangle_guard_on_fov,0.8610753423407496,0.8592099197696714,0.15145191301610242
20260926,xfeat_h,non_stability,curvature_clipped,0.8419127847799623,0.8349815574838318,0.16397733320369584
20260926,xfeat_h,non_stability,curvature_removed,0.8431263992919916,0.8342999521770108,0.1656957172654797
20260926,xfeat_h,non_stability,fov_curvature,0.8419057045047001,0.7802628791746871,0.1817975723174601
20260926,xfeat_h,non_stability,fov_guard_on_fov,0.8419126814015111,0.8350278710299989,0.16397986255476402
20260926,xfeat_h,non_stability,fov_guard_on_rectangle,0.8419137496455076,0.7779680843134984,0.18179158462742895
20260926,xfeat_h,non_stability,original,0.8419127847799623,0.7801390317900712,0.1817943719447889
20260926,xfeat_h,non_stability,original_isotonic,0.8419127847799623,0.8199208820544878,0.16203007304182018
20260926,xfeat_h,non_stability,pole_guard,0.841908426803917,0.8349796989690083,0.1639807803592506
20260926,xfeat_h,non_stability,rectangle_guard_on_fov,0.8417177257235168,0.8349921778967251,0.16401192122933209
20260926,xfeat_h,non_stability_e1_e2,curvature_clipped,0.844496924308474,0.8372886329830231,0.1630935284391666
20260926,xfeat_h,non_stability_e1_e2,curvature_removed,0.844496924308474,0.8372886329830231,0.16309320039027983
20260926,xfeat_h,non_stability_e1_e2,fov_curvature,0.8445045053949001,0.7796495157229304,0.18098501631798947
20260926,xfeat_h,non_stability_e1_e2,fov_guard_on_fov,0.8445045858003621,0.8372740795943838,0.16309735355560362
20260926,xfeat_h,non_stability_e1_e2,fov_guard_on_rectangle,0.844496924308474,0.7796495961283926,0.18098617058869962
20260926,xfeat_h,non_stability_e1_e2,original,0.844496924308474,0.7796505609939376,0.18098851902369942
20260926,xfeat_h,non_stability_e1_e2,original_isotonic,0.844496924308474,0.8267123846439968,0.1609083920127562
20260926,xfeat_h,non_stability_e1_e2,pole_guard,0.8445015556630908,0.8373200600322078,0.16310146564115097
20260926,xfeat_h,non_stability_e1_e2,rectangle_guard_on_fov,0.8445365205526076,0.8373328858520614,0.163133244118541
20260927,sp_lg_h,non_stability,curvature_clipped,0.8388063575912216,0.8612953749659359,0.14941189963171933
20260927,sp_lg_h,non_stability,curvature_removed,0.838767089160826,0.8612623075574627,0.14940255118986467
20260927,sp_lg_h,non_stability,fov_curvature,0.8387709453771922,0.8612623075574627,0.1494034169602176
20260927,sp_lg_h,non_stability,fov_guard_on_fov,0.8388164289548448,0.8613066611083409,0.14940504856215245
20260927,sp_lg_h,non_stability,fov_guard_on_rectangle,0.8388677180450482,0.8612953749659359,0.14941263370559507
20260927,sp_lg_h,non_stability,original,0.8388605988763722,0.8612953749659359,0.1494119732692285
20260927,sp_lg_h,non_stability,original_isotonic,0.8388605988763722,0.8568425008308715,0.1641667866291377
20260927,sp_lg_h,non_stability,pole_guard,0.8388039562843269,0.8612355047349173,0.149408192558123
20260927,sp_lg_h,non_stability,rectangle_guard_on_fov,0.8386179821280005,0.8612634446469039,0.14940041476097984
20260927,sp_lg_h,non_stability_e1_e2,curvature_clipped,0.8568374923235135,0.8610618549330958,0.1497358117446738
20260927,sp_lg_h,non_stability_e1_e2,curvature_removed,0.8569202667847069,0.8610817481127626,0.14974151813828857
20260927,sp_lg_h,non_stability_e1_e2,fov_curvature,0.8568018964801334,0.8610289899877528,0.1497304461403628
20260927,sp_lg_h,non_stability_e1_e2,fov_guard_on_fov,0.8568432837107303,0.8610985454899133,0.14973323655850354
20260927,sp_lg_h,non_stability_e1_e2,fov_guard_on_rectangle,0.8568365035500862,0.8610611957508111,0.14973166562071905
20260927,sp_lg_h,non_stability_e1_e2,original,0.8568442724841574,0.8610618549330958,0.1497358694389776
20260927,sp_lg_h,non_stability_e1_e2,original_isotonic,0.8568442724841574,0.8525820179916752,0.16408193949675792
20260927,sp_lg_h,non_stability_e1_e2,pole_guard,0.8568374923235135,0.8610949082162345,0.14973353492548525
20260927,sp_lg_h,non_stability_e1_e2,rectangle_guard_on_fov,0.8569159585576311,0.8610711917793157,0.14972573488058638
20260927,xfeat_h,non_stability,curvature_clipped,0.8527499290538995,0.8550185314912149,0.15673539928488384
20260927,xfeat_h,non_stability,curvature_removed,0.854755959282922,0.8495725692499946,0.15854725441376488
20260927,xfeat_h,non_stability,fov_curvature,0.857795491259922,0.8511574933635842,0.1571653356564874
20260927,xfeat_h,non_stability,fov_guard_on_fov,0.8580871287628384,0.851446236269865,0.15702784795368335
20260927,xfeat_h,non_stability,fov_guard_on_rectangle,0.8524582915509831,0.834482472904155,0.1732218503580581
20260927,xfeat_h,non_stability,original,0.8521666540480667,0.8342063697365155,0.17336098841447328
20260927,xfeat_h,non_stability,original_isotonic,0.8521666540480667,0.8469683459467021,0.15517569569824882
20260927,xfeat_h,non_stability,pole_guard,0.8527503793244873,0.8348300243654124,0.1731087880022208
20260927,xfeat_h,non_stability,rectangle_guard_on_fov,0.8584085461516162,0.8517303501188282,0.1568845013561302
20260927,xfeat_h,non_stability_e1_e2,curvature_clipped,0.8548431907421081,0.8562308911529387,0.15560076340082296
20260927,xfeat_h,non_stability_e1_e2,curvature_removed,0.8522623602429555,0.852892368741198,0.1576748545124833
20260927,xfeat_h,non_stability_e1_e2,fov_curvature,0.8542811358863717,0.8549658531799428,0.15613078498443703
20260927,xfeat_h,non_stability_e1_e2,fov_guard_on_fov,0.8545740139307032,0.8552574906828592,0.15598827957990277
20260927,xfeat_h,non_stability_e1_e2,fov_guard_on_rectangle,0.8545515532391917,0.8378710188029018,0.17102456067686927
20260927,xfeat_h,non_stability_e1_e2,original,0.8542599157362754,0.8375803461655307,0.1711649444022535
20260927,xfeat_h,non_stability_e1_e2,original_isotonic,0.8542599157362754,0.8487527547318271,0.15126813797065852
20260927,xfeat_h,non_stability_e1_e2,pole_guard,0.8548731842767685,0.8381213233037036,0.17090413770619337
20260927,xfeat_h,non_stability_e1_e2,rectangle_guard_on_fov,0.8548722653572015,0.8554357606193593,0.1558734333030675
