seed,pipeline,fold,feature_arm,deleted_group_index,deleted_group_id,deleted_group_contains_pole,deleted_group_pole_failures,remaining_groups,status,cases,groups,failures,successes,failure_groups,success_groups,valid_binary_labels,raw_auroc,calibrated_auroc,platt_slope,platt_intercept,ranking_reversed_by_calibration,raw_min,raw_max,probability_min,probability_max,probability_std,selected_C,model_iterations,calibrator_iterations,model_hash,preprocessor_hash,missing_feature_fraction,all_missing_training_features
20260907,xfeat_h,3,non_stability,0,COph100/patient/002,False,0,18,ok,83,19,48,35,12,16,True,0.9424220661524451,0.9424220661524451,1.4568600580639617,0.6117538673514268,False,-2.1707333660636903,1.8874801573002125,0.07237941437420543,0.9664809715324753,0.22990345111653487,1.0,[10],[7],1e5344fc9e8da86d,3c20c548d9b50749,0.10606060606060606,"('A:family_available', 'B:family_available', 'B:match_capacity_ratio', 'C:family_available', 'D:family_available', 'F:family_available', 'G:family_available')"
20260907,xfeat_h,3,non_stability,1,COph100/patient/003,False,0,18,ok,83,19,48,35,12,16,True,0.9424220661524451,0.9424220661524451,1.3182301060790003,0.36655311751376596,False,-2.1707333660636903,1.8874801573002125,0.07621134662616916,0.9455604179192317,0.222605930592318,1.0,[10],[7],c27afd7402d05d2c,3c20c548d9b50749,0.10606060606060606,"('A:family_available', 'B:family_available', 'B:match_capacity_ratio', 'C:family_available', 'D:family_available', 'F:family_available', 'G:family_available')"
20260907,xfeat_h,3,non_stability,2,COph100/patient/007,False,0,18,ok,83,19,48,35,12,16,True,0.9424220661524451,0.9424220661524451,1.4330905054442555,0.4751626846574259,False,-2.1707333660636903,1.8874801573002125,0.06687620257174545,0.960078214504413,0.23186367996825927,1.0,[10],[7],207e52b500712f32,3c20c548d9b50749,0.10606060606060606,"('A:family_available', 'B:family_available', 'B:match_capacity_ratio', 'C:family_available', 'D:family_available', 'F:family_available', 'G:family_available')"
20260907,xfeat_h,3,non_stability,3,COph100/patient/019,False,0,18,ok,83,19,48,35,12,16,True,0.9424220661524451,0.9424220661524451,1.3185580351366915,0.36122811377402325,False,-2.1707333660636903,1.8874801573002125,0.07578741902730685,0.9453176614249982,0.22277116651828166,1.0,[10],[7],2d57bb492e51dd83,3c20c548d9b50749,0.10606060606060606,"('A:family_available', 'B:family_available', 'B:match_capacity_ratio', 'C:family_available', 'D:family_available', 'F:family_available', 'G:family_available')"
20260907,xfeat_h,3,non_stability,4,COph100/patient/024,False,0,18,ok,83,19,48,35,12,16,True,0.9424220661524451,0.9424220661524451,1.6979437804846806,0.5878993884852713,False,-2.1707333660636903,1.8874801573002125,0.04319462934525719,0.9779626897490904,0.25304951590614144,1.0,[10],[9],4c18b3518977be9e,3c20c548d9b50749,0.10606060606060606,"('A:family_available', 'B:family_available', 'B:match_capacity_ratio', 'C:family_available', 'D:family_available', 'F:family_available', 'G:family_available')"
20260907,xfeat_h,3,non_stability,5,COph100/patient/026,False,0,18,ok,83,19,48,35,12,16,True,0.9424220661524451,0.9424220661524451,1.3574754902539845,0.39210623013267953,False,-2.1707333660636903,1.8874801573002125,0.07211731697864794,0.9504669978046674,0.22624115088095365,1.0,[10],[7],fc575d89daa410ba,3c20c548d9b50749,0.10606060606060606,"('A:family_available', 'B:family_available', 'B:match_capacity_ratio', 'C:family_available', 'D:family_available', 'F:family_available', 'G:family_available')"
20260907,xfeat_h,3,non_stability,6,COph100/patient/031,False,0,18,ok,83,19,48,35,12,16,True,0.9424220661524451,0.9424220661524451,1.4214956322589658,0.5302811743796328,False,-2.1707333660636903,1.8874801573002125,0.07206408877334138,0.9613326890209285,0.22900714670934524,1.0,[10],[7],2788147e384a9711,3c20c548d9b50749,0.10606060606060606,"('A:family_available', 'B:family_available', 'B:match_capacity_ratio', 'C:family_available', 'D:family_available', 'F:family_available', 'G:family_available')"
20260907,xfeat_h,3,non_stability,7,COph100/patient/044,False,0,18,ok,83,19,48,35,12,16,True,0.9424220661524451,0.9424220661524451,1.4711018276127639,0.5064394232614705,False,-2.1707333660636903,1.8874801573002125,0.06374898248039569,0.9638449892171986,0.23474675349269078,1.0,[10],[7],7a38d101ab8be862,3c20c548d9b50749,0.10606060606060606,"('A:family_available', 'B:family_available', 'B:match_capacity_ratio', 'C:family_available', 'D:family_available', 'F:family_available', 'G:family_available')"
20260907,xfeat_h,3,non_stability,8,COph100/patient/047,False,0,18,ok,83,19,48,35,12,16,True,0.9424220661524451,0.9424220661524451,1.3363271632554963,0.3763757410933751,False,-2.1707333660636903,1.8874801573002125,0.07416290384168289,0.9477804900216888,0.22434986254499117,1.0,[10],[7],e2024f29486f5c3c,3c20c548d9b50749,0.10606060606060606,"('A:family_available', 'B:family_available', 'B:match_capacity_ratio', 'C:family_available', 'D:family_available', 'F:family_available', 'G:family_available')"
20260907,xfeat_h,3,non_stability,9,COph100/patient/048,False,0,18,ok,83,19,48,35,12,16,True,0.9424220661524451,0.9424220661524451,1.3225490242179487,0.4238992905556212,False,-2.1707333660636903,1.8874801573002125,0.07965806340014367,0.9488352485170041,0.22161429786099693,1.0,[10],[7],0e8a654f7be7a8d5,3c20c548d9b50749,0.10606060606060606,"('A:family_available', 'B:family_available', 'B:match_capacity_ratio', 'C:family_available', 'D:family_available', 'F:family_available', 'G:family_available')"
20260907,xfeat_h,3,non_stability,10,COph100/patient/055,True,2,18,ok,83,19,48,35,12,16,True,0.9424220661524451,0.9424220661524451,1.3803226352606577,0.46460691403864846,False,-2.1707333660636903,1.8874801573002125,0.07366518191489867,0.9556355650633102,0.2267018441352654,1.0,[10],[5],6b13cb75cc8b0fa7,3c20c548d9b50749,0.10606060606060606,"('A:family_available', 'B:family_available', 'B:match_capacity_ratio', 'C:family_available', 'D:family_available', 'F:family_available', 'G:family_available')"
20260907,xfeat_h,3,non_stability,11,COph100/patient/065,False,0,18,ok,83,19,48,35,12,16,True,0.9424220661524451,0.9424220661524451,1.3335718235913365,0.37396635660666866,False,-2.1707333660636903,1.8874801573002125,0.07440852156201071,0.9474025634238635,0.22410892748849215,1.0,[10],[7],c3a8e60dacc0c37b,3c20c548d9b50749,0.10606060606060606,"('A:family_available', 'B:family_available', 'B:match_capacity_ratio', 'C:family_available', 'D:family_available', 'F:family_available', 'G:family_available')"
20260907,xfeat_h,3,non_stability,12,FIRE/image_component/cc0008,False,0,18,ok,83,19,48,35,12,16,True,0.9424220661524451,0.9424220661524451,1.4099699347969874,0.33189208305024803,False,-2.1707333660636903,1.8874801573002125,0.06129651284692527,0.9522651764349013,0.23326199043501933,1.0,[10],[7],e6d4e2ede46be2bb,3c20c548d9b50749,0.10606060606060606,"('A:family_available', 'B:family_available', 'B:match_capacity_ratio', 'C:family_available', 'D:family_available', 'F:family_available', 'G:family_available')"
20260907,xfeat_h,3,non_stability,13,FIRE/image_component/cc0015,False,0,18,ok,83,19,48,35,12,16,True,0.9424220661524451,0.9424220661524451,1.275168500718242,0.5763196446762958,False,-2.1707333660636903,1.8874801573002125,0.10049549444912896,0.9518082103294763,0.21179622180323282,1.0,[10],[7],48b1b0859115c42b,3c20c548d9b50749,0.10606060606060606,"('A:family_available', 'B:family_available', 'B:match_capacity_ratio', 'C:family_available', 'D:family_available', 'F:family_available', 'G:family_available')"
20260907,xfeat_h,3,non_stability,14,FIRE/image_component/cc0022,False,0,18,ok,83,19,48,35,12,16,True,0.9424220661524451,0.9424220661524451,1.581589698490075,0.21841936720132196,False,-2.1707333660636903,1.8874801573002125,0.038612920683362334,0.9609709725466622,0.252596870825133,1.0,[10],[8],43b30dffbd2bfa29,3c20c548d9b50749,0.10606060606060606,"('A:family_available', 'B:family_available', 'B:match_capacity_ratio', 'C:family_available', 'D:family_available', 'F:family_available', 'G:family_available')"
20260907,xfeat_h,3,non_stability,15,FIRE/image_component/cc0027,False,0,18,ok,83,19,48,35,12,16,True,0.9424220661524451,0.9424220661524451,1.5085833775900919,0.24446757020014112,False,-2.1707333660636903,1.8874801573002125,0.04607719086043965,0.9565569216957155,0.24510353827772524,1.0,[10],[7],61f57051c590ed2d,3c20c548d9b50749,0.10606060606060606,"('A:family_available', 'B:family_available', 'B:match_capacity_ratio', 'C:family_available', 'D:family_available', 'F:family_available', 'G:family_available')"
20260907,xfeat_h,3,non_stability,16,FIRE/image_component/cc0034,False,0,18,ok,83,19,48,35,12,16,True,0.9424220661524451,0.9424220661524451,1.307451704434601,0.4549920461157471,False,-2.1707333660636903,1.8874801573002125,0.08446765659886063,0.9489611714250388,0.2190960676742557,1.0,[10],[8],a65f3d39802a6f6c,3c20c548d9b50749,0.10606060606060606,"('A:family_available', 'B:family_available', 'B:match_capacity_ratio', 'C:family_available', 'D:family_available', 'F:family_available', 'G:family_available')"
20260907,xfeat_h,3,non_stability,17,FIRE/image_component/cc0038,False,0,18,ok,83,19,48,35,12,16,True,0.9424220661524451,0.9424220661524451,1.2635490210866658,0.48014522283651095,False,-2.1707333660636903,1.8874801573002125,0.09426107323400924,0.9460924081114658,0.2134438885283397,1.0,[10],[7],513e33eabd392913,3c20c548d9b50749,0.10606060606060606,"('A:family_available', 'B:family_available', 'B:match_capacity_ratio', 'C:family_available', 'D:family_available', 'F:family_available', 'G:family_available')"
20260907,xfeat_h,3,non_stability,18,FIRE/image_component/cc0039,False,0,18,ok,83,19,48,35,12,16,True,0.9424220661524451,0.9424220661524451,1.3281660771734367,0.44651249987056824,False,-2.1707333660636903,1.8874801573002125,0.08042534124761185,0.9504239180603946,0.22161254539342054,1.0,[10],[8],fea08df15e5e31ec,3c20c548d9b50749,0.10606060606060606,"('A:family_available', 'B:family_available', 'B:match_capacity_ratio', 'C:family_available', 'D:family_available', 'F:family_available', 'G:family_available')"
20260907,xfeat_h,3,non_stability_e1_e2,0,COph100/patient/002,False,0,18,ok,83,19,48,35,12,16,True,0.9273902459498031,0.07260975405019729,-0.0008474856194347295,0.3161426350696535,True,-4.028423180191716,5.097210395777524,0.5773301289713729,0.5792162044050355,0.00037332878270872837,10.0,[13],[11],4953eb11e84cae54,9fee7624ff9b5351,0.08345883534136546,"('A:family_available', 'B:family_available', 'B:match_capacity_ratio', 'C:family_available', 'D:family_available', 'F:family_available', 'G:family_available', 'E2:family_available')"
20260907,xfeat_h,3,non_stability_e1_e2,1,COph100/patient/003,False,0,18,ok,83,19,48,35,12,16,True,0.9273902459498031,0.07260975405019729,-4.446341722569776e-05,0.2260868538462899,True,-4.028423180191716,5.097210395777524,0.5562262349424122,0.5563263891139337,1.9824658294679366e-05,10.0,[13],[25],0895620b24bcfe57,9fee7624ff9b5351,0.08345883534136546,"('A:family_available', 'B:family_available', 'B:match_capacity_ratio', 'C:family_available', 'D:family_available', 'F:family_available', 'G:family_available', 'E2:family_available')"
20260907,xfeat_h,3,non_stability_e1_e2,2,COph100/patient/007,False,0,18,ok,83,19,48,35,12,16,True,0.9273902459498031,0.07260975405019729,-4.341286695244423e-05,0.2696840590765403,True,-4.028423180191716,5.097210395777524,0.56696101215233,0.567058275712311,1.925248528053952e-05,10.0,[13],[16],225f7f6be304c61a,9fee7624ff9b5351,0.08345883534136546,"('A:family_available', 'B:family_available', 'B:match_capacity_ratio', 'C:family_available', 'D:family_available', 'F:family_available', 'G:family_available', 'E2:family_available')"
20260907,xfeat_h,3,non_stability_e1_e2,3,COph100/patient/019,False,0,18,ok,83,19,48,35,12,16,True,0.9273902459498031,0.07260975405019729,-4.410289874064801e-05,0.22606197895457691,True,-4.028423180191716,5.097210395777524,0.556220548451491,0.5563198908284643,1.9663970599556237e-05,10.0,[13],[22],3d0fe571600ecbef,9fee7624ff9b5351,0.08345883534136546,"('A:family_available', 'B:family_available', 'B:match_capacity_ratio', 'C:family_available', 'D:family_available', 'F:family_available', 'G:family_available', 'E2:family_available')"
20260907,xfeat_h,3,non_stability_e1_e2,4,COph100/patient/024,False,0,18,ok,83,19,48,35,12,16,True,0.9273902459498031,0.07260975405019729,-4.278316529138376e-05,0.3396091822173458,True,-4.028423180191716,5.097210395777524,0.584042608070508,0.584137453206078,1.8773776855638386e-05,10.0,[13],[17],28d0c58ad1accac3,9fee7624ff9b5351,0.08345883534136546,"('A:family_available', 'B:family_available', 'B:match_capacity_ratio', 'C:family_available', 'D:family_available', 'F:family_available', 'G:family_available', 'E2:family_available')"
20260907,xfeat_h,3,non_stability_e1_e2,5,COph100/patient/026,False,0,18,ok,83,19,48,35,12,16,True,0.9273902459498031,0.07260975405019729,-0.0007042954100228195,0.16931412335446389,True,-4.028423180191716,5.097210395777524,0.5413364814800212,0.5429318555093122,0.0003157893317133232,10.0,[13],[11],c5b223d82541ddcc,9fee7624ff9b5351,0.08345883534136546,"('A:family_available', 'B:family_available', 'B:match_capacity_ratio', 'C:family_available', 'D:family_available', 'F:family_available', 'G:family_available', 'E2:family_available')"
20260907,xfeat_h,3,non_stability_e1_e2,6,COph100/patient/031,False,0,18,ok,83,19,48,35,12,16,True,0.9273902459498031,0.07260975405019729,-0.0009032450902761568,0.3105382225148139,True,-4.028423180191716,5.097210395777524,0.5758925346210007,0.5779044603897573,0.0003982393634958891,10.0,[13],[10],974853c80398c5a3,9fee7624ff9b5351,0.08345883534136546,"('A:family_available', 'B:family_available', 'B:match_capacity_ratio', 'C:family_available', 'D:family_available', 'F:family_available', 'G:family_available', 'E2:family_available')"
20260907,xfeat_h,3,non_stability_e1_e2,7,COph100/patient/044,False,0,18,ok,83,19,48,35,12,16,True,0.9273902459498031,0.07260975405019729,-4.250511269555126e-05,0.3396103759556735,True,-4.028423180191716,5.097210395777524,0.5840432423859672,0.5841374710910812,1.8651759832257766e-05,10.0,[13],[20],5ddb877d7bc81d2e,9fee7624ff9b5351,0.08345883534136546,"('A:family_available', 'B:family_available', 'B:match_capacity_ratio', 'C:family_available', 'D:family_available', 'F:family_available', 'G:family_available', 'E2:family_available')"
20260907,xfeat_h,3,non_stability_e1_e2,8,COph100/patient/047,False,0,18,ok,83,19,48,35,12,16,True,0.9273902459498031,0.07260975405019729,-0.0005404220579283696,0.18558796201461603,True,-4.028423180191716,5.097210395777524,0.5455814252165724,0.5468038249567221,0.00024196270924987427,10.0,[13],[11],27b613c1229913e5,9fee7624ff9b5351,0.08345883534136546,"('A:family_available', 'B:family_available', 'B:match_capacity_ratio', 'C:family_available', 'D:family_available', 'F:family_available', 'G:family_available', 'E2:family_available')"
20260907,xfeat_h,3,non_stability_e1_e2,9,COph100/patient/048,False,0,18,ok,83,19,48,35,12,16,True,0.9273902459498031,0.07260975405019729,-0.0005683872792681733,0.22872051448078767,True,-4.028423180191716,5.097210395777524,0.5562171291652476,0.5574970840990172,0.00025335492937389155,10.0,[13],[11],85366ae166148918,9fee7624ff9b5351,0.08345883534136546,"('A:family_available', 'B:family_available', 'B:match_capacity_ratio', 'C:family_available', 'D:family_available', 'F:family_available', 'G:family_available', 'E2:family_available')"
20260907,xfeat_h,3,non_stability_e1_e2,10,COph100/patient/055,True,2,18,ok,83,19,48,35,12,16,True,0.9273902459498031,0.9273902459498031,0.680855358174207,0.4121255097839429,False,-4.028423180191716,5.097210395777524,0.08861631478389977,0.9798182530630399,0.2226580284738661,10.0,[13],[8],9606852f560ef416,9fee7624ff9b5351,0.08345883534136546,"('A:family_available', 'B:family_available', 'B:match_capacity_ratio', 'C:family_available', 'D:family_available', 'F:family_available', 'G:family_available', 'E2:family_available')"
20260907,xfeat_h,3,non_stability_e1_e2,11,COph100/patient/065,False,0,18,ok,83,19,48,35,12,16,True,0.9273902459498031,0.07260975405019729,-4.8276041492118806e-05,0.22600296909954834,True,-4.028423180191716,5.097210395777524,0.556200731800589,0.5563094749874344,2.1524779386924488e-05,10.0,[13],[14],ea07e418743a8930,9fee7624ff9b5351,0.08345883534136546,"('A:family_available', 'B:family_available', 'B:match_capacity_ratio', 'C:family_available', 'D:family_available', 'F:family_available', 'G:family_available', 'E2:family_available')"
20260907,xfeat_h,3,non_stability_e1_e2,12,FIRE/image_component/cc0008,False,0,18,ok,83,19,48,35,12,16,True,0.9273902459498031,0.07260975405019729,-4.337356494410982e-05,0.3015633815022272,True,-4.028423180191716,5.097210395777524,0.5747706197127231,0.5748673568231897,1.9148278076348085e-05,10.0,[13],[19],5d78e88695022e84,9fee7624ff9b5351,0.08345883534136546,"('A:family_available', 'B:family_available', 'B:match_capacity_ratio', 'C:family_available', 'D:family_available', 'F:family_available', 'G:family_available', 'E2:family_available')"
20260907,xfeat_h,3,non_stability_e1_e2,13,FIRE/image_component/cc0015,False,0,18,ok,83,19,48,35,12,16,True,0.9273902459498031,0.07260975405019729,-4.2515605061608417e-05,0.40960539785700156,True,-4.028423180191716,5.097210395777524,0.6009412883740759,0.6010343269848156,1.841618874932815e-05,10.0,[13],[16],7ead2a6e12554a2e,9fee7624ff9b5351,0.08345883534136546,"('A:family_available', 'B:family_available', 'B:match_capacity_ratio', 'C:family_available', 'D:family_available', 'F:family_available', 'G:family_available', 'E2:family_available')"
20260907,xfeat_h,3,non_stability_e1_e2,14,FIRE/image_component/cc0022,False,0,18,ok,83,19,48,35,12,16,True,0.9273902459498031,0.07260975405019729,-4.344374996143808e-05,0.22606878359320587,True,-4.028423180191716,5.097210395777524,0.5562230574374037,0.5563209149940106,1.9370063272200348e-05,10.0,[13],[28],45f5465acf8ea8eb,9fee7624ff9b5351,0.08345883534136546,"('A:family_available', 'B:family_available', 'B:match_capacity_ratio', 'C:family_available', 'D:family_available', 'F:family_available', 'G:family_available', 'E2:family_available')"
20260907,xfeat_h,3,non_stability_e1_e2,15,FIRE/image_component/cc0027,False,0,18,ok,83,19,48,35,12,16,True,0.9273902459498031,0.07260975405019729,-4.3393631924296666e-05,0.22606975757019077,True,-4.028423180191716,5.097210395777524,0.5562233609108771,0.556321105565009,1.9347715205270543e-05,10.0,[13],[22],f03683a12ba5f92d,9fee7624ff9b5351,0.08345883534136546,"('A:family_available', 'B:family_available', 'B:match_capacity_ratio', 'C:family_available', 'D:family_available', 'F:family_available', 'G:family_available', 'E2:family_available')"
20260907,xfeat_h,3,non_stability_e1_e2,16,FIRE/image_component/cc0034,False,0,18,ok,83,19,48,35,12,16,True,0.9273902459498031,0.07260975405019729,-4.335403610475095e-05,0.4553840803288023,True,-4.028423180191716,5.097210395777524,0.6118661026461895,0.6119600557868591,1.8597210350509673e-05,10.0,[13],[16],7bdd5f3a5ea12c0f,9fee7624ff9b5351,0.08345883534136546,"('A:family_available', 'B:family_available', 'B:match_capacity_ratio', 'C:family_available', 'D:family_available', 'F:family_available', 'G:family_available', 'E2:family_available')"
20260907,xfeat_h,3,non_stability_e1_e2,17,FIRE/image_component/cc0038,False,0,18,ok,83,19,48,35,12,16,True,0.9273902459498031,0.07260975405019729,-4.2937322266267755e-05,0.455371871433854,True,-4.028423180191716,5.097210395777524,0.6118637076409271,0.6119567579648227,1.8418505730440065e-05,10.0,[13],[22],61dc56a58b99e696,9fee7624ff9b5351,0.08345883534136546,"('A:family_available', 'B:family_available', 'B:match_capacity_ratio', 'C:family_available', 'D:family_available', 'F:family_available', 'G:family_available', 'E2:family_available')"
20260907,xfeat_h,3,non_stability_e1_e2,18,FIRE/image_component/cc0039,False,0,18,ok,83,19,48,35,12,16,True,0.9273902459498031,0.07260975405019729,-4.3689558365688485e-05,0.4553852769534923,True,-4.028423180191716,5.097210395777524,0.6118659806727048,0.6119606609068163,1.8741132084711023e-05,10.0,[13],[16],d9326179b7770f3e,9fee7624ff9b5351,0.08345883534136546,"('A:family_available', 'B:family_available', 'B:match_capacity_ratio', 'C:family_available', 'D:family_available', 'F:family_available', 'G:family_available', 'E2:family_available')"
