pipeline,feature_arm,treatment,assignments,folds,negative_slope_folds,calibration_pole_folds,outside_range_pole_folds,negative_curvature_coefficient_folds,negative_curvature_coefficient_pole_folds,sign_matches_reversal_pole_folds,pole_folds_for_sign_check
sp_lg_h,non_stability,curvature_clipped,21,105,0,60,29,4,3,58,60
sp_lg_h,non_stability,curvature_removed,21,105,0,60,29,0,3,58,60
sp_lg_h,non_stability,fov_curvature,21,105,0,60,29,0,3,58,60
sp_lg_h,non_stability,fov_guard_on_fov,21,105,0,60,29,0,3,58,60
sp_lg_h,non_stability,fov_guard_on_rectangle,21,105,1,60,29,0,3,58,60
sp_lg_h,non_stability,original,21,105,1,60,29,4,3,58,60
sp_lg_h,non_stability,original_isotonic,21,105,0,60,29,4,3,58,60
sp_lg_h,non_stability,pole_guard,21,105,0,60,29,0,3,58,60
sp_lg_h,non_stability,rectangle_guard_on_fov,21,105,0,60,29,0,3,58,60
sp_lg_h,non_stability_e1_e2,curvature_clipped,21,105,0,60,29,2,2,58,60
sp_lg_h,non_stability_e1_e2,curvature_removed,21,105,0,60,29,0,2,58,60
sp_lg_h,non_stability_e1_e2,fov_curvature,21,105,0,60,29,0,2,58,60
sp_lg_h,non_stability_e1_e2,fov_guard_on_fov,21,105,0,60,29,0,2,58,60
sp_lg_h,non_stability_e1_e2,fov_guard_on_rectangle,21,105,0,60,29,0,2,58,60
sp_lg_h,non_stability_e1_e2,original,21,105,0,60,29,2,2,58,60
sp_lg_h,non_stability_e1_e2,original_isotonic,21,105,0,60,29,2,2,58,60
sp_lg_h,non_stability_e1_e2,pole_guard,21,105,0,60,29,0,2,58,60
sp_lg_h,non_stability_e1_e2,rectangle_guard_on_fov,21,105,0,60,29,0,2,58,60
xfeat_h,non_stability,curvature_clipped,21,105,0,21,21,31,13,21,21
xfeat_h,non_stability,curvature_removed,21,105,0,21,21,0,13,21,21
xfeat_h,non_stability,fov_curvature,21,105,11,21,21,0,13,21,21
xfeat_h,non_stability,fov_guard_on_fov,21,105,0,21,21,0,13,21,21
xfeat_h,non_stability,fov_guard_on_rectangle,21,105,13,21,21,0,13,21,21
xfeat_h,non_stability,original,21,105,13,21,21,31,13,21,21
xfeat_h,non_stability,original_isotonic,21,105,0,21,21,31,13,21,21
xfeat_h,non_stability,pole_guard,21,105,0,21,21,0,13,21,21
xfeat_h,non_stability,rectangle_guard_on_fov,21,105,0,21,21,0,13,21,21
xfeat_h,non_stability_e1_e2,curvature_clipped,21,105,0,21,21,18,6,21,21
xfeat_h,non_stability_e1_e2,curvature_removed,21,105,0,21,21,0,6,21,21
xfeat_h,non_stability_e1_e2,fov_curvature,21,105,6,21,21,0,6,21,21
xfeat_h,non_stability_e1_e2,fov_guard_on_fov,21,105,0,21,21,0,6,21,21
xfeat_h,non_stability_e1_e2,fov_guard_on_rectangle,21,105,6,21,21,0,6,21,21
xfeat_h,non_stability_e1_e2,original,21,105,6,21,21,18,6,21,21
xfeat_h,non_stability_e1_e2,original_isotonic,21,105,0,21,21,18,6,21,21
xfeat_h,non_stability_e1_e2,pole_guard,21,105,0,21,21,0,6,21,21
xfeat_h,non_stability_e1_e2,rectangle_guard_on_fov,21,105,0,21,21,0,6,21,21
