pipeline,dataset,population,cases,failures,groups,clearance_auroc,inlier_count_auroc,inlier_ratio_auroc,perspective_auroc,clearance_plus_inlier_ratio_auroc,baseline_auroc_posthoc_sign:B:design_condition_fixed,baseline_auroc_posthoc_sign:B:design_condition_moving,baseline_auroc_posthoc_sign:B:fit_residual_norm_mean,baseline_auroc_posthoc_sign:B:fit_residual_norm_median,baseline_auroc_posthoc_sign:B:fit_residual_norm_p95,baseline_auroc_posthoc_sign:B:fit_residual_px_mean,baseline_auroc_posthoc_sign:B:fit_residual_px_median,baseline_auroc_posthoc_sign:B:fit_residual_px_p95,baseline_auroc_posthoc_sign:B:inlier_count,baseline_auroc_posthoc_sign:B:inlier_hull_fraction_fixed,baseline_auroc_posthoc_sign:B:inlier_hull_fraction_moving,baseline_auroc_posthoc_sign:B:inlier_ratio,baseline_auroc_posthoc_sign:B:match_count,baseline_auroc_posthoc_sign:D:bending_energy,baseline_auroc_posthoc_sign:D:folding_fraction,baseline_auroc_posthoc_sign:D:log_jacobian_determinant_median,baseline_auroc_posthoc_sign:D:log_jacobian_determinant_p05,baseline_auroc_posthoc_sign:D:log_jacobian_determinant_p95
xfeat_h,ALL,all_attempted,625,342,98,0.778409541871854,0.8425892323553481,0.8480704027700416,0.7781444476888101,0.8549072734359375,0.6438400497001701,0.6537220680574501,0.7112972957937344,0.7068466088372435,0.7107314087152181,0.6020809742502045,0.6155420613818731,0.5038244744493413,0.8425892323553457,0.7526496048681042,0.7454639887362472,0.848070402770039,0.7982243949697307,0.7781303668217389,0.5002916375029165,0.5800193525720998,0.7484124779038832,0.7339563335339713
xfeat_h,ALL,returned_only,625,342,98,0.778409541871854,0.8425892323553481,0.8480704027700416,0.7781444476888101,0.8549072734359375,0.6438400497001701,0.6537220680574501,0.7112972957937344,0.7068466088372435,0.7107314087152181,0.6020809742502045,0.6155420613818731,0.5038244744493413,0.8425892323553457,0.7526496048681042,0.7454639887362472,0.848070402770039,0.7982243949697307,0.7781303668217389,0.5002916375029165,0.5800193525720998,0.7484124779038832,0.7339563335339713
xfeat_h,FIRE,all_attempted,134,25,42,0.8603376049624408,0.8682431038727664,0.8574547139707298,0.8607754816618355,0.89638985865401,0.7272271427602711,0.7541227054171326,0.6346821050638517,0.6340269117803127,0.5997280907329174,0.6346821050638517,0.6340269117803127,0.5997280907329174,0.868243103872766,0.9503526883956898,0.9480355908613917,0.8574547139707298,0.8566886324674828,0.8629466202963354,0.5,0.8143848780092747,0.8667962862785153,0.8260811525401262
xfeat_h,FIRE,returned_only,134,25,42,0.8603376049624408,0.8682431038727664,0.8574547139707298,0.8607754816618355,0.89638985865401,0.7272271427602711,0.7541227054171326,0.6346821050638517,0.6340269117803127,0.5997280907329174,0.6346821050638517,0.6340269117803127,0.5997280907329174,0.868243103872766,0.9503526883956898,0.9480355908613917,0.8574547139707298,0.8566886324674828,0.8629466202963354,0.5,0.8143848780092747,0.8667962862785153,0.8260811525401262
xfeat_h,COph100,all_attempted,491,317,56,0.7157434010398311,0.7347611679521214,0.7500014892898018,0.7156498696904884,0.7705409280670957,0.5206063178799759,0.524735691463747,0.5153216541024469,0.5012711037348657,0.5486759195549722,0.5153216541024469,0.5012711037348657,0.5486759195549722,0.7347611679521218,0.6677478448278167,0.6722272712166926,0.7500014892898026,0.6708357550323978,0.7169441076024068,0.500362566556861,0.5366058558088793,0.6398453066178706,0.7092872210121893
xfeat_h,COph100,returned_only,491,317,56,0.7157434010398311,0.7347611679521214,0.7500014892898018,0.7156498696904884,0.7705409280670957,0.5206063178799759,0.524735691463747,0.5153216541024469,0.5012711037348657,0.5486759195549722,0.5153216541024469,0.5012711037348657,0.5486759195549722,0.7347611679521218,0.6677478448278167,0.6722272712166926,0.7500014892898026,0.6708357550323978,0.7169441076024068,0.500362566556861,0.5366058558088793,0.6398453066178706,0.7092872210121893
sp_lg_h,ALL,all_attempted,625,285,98,0.8225360952856188,0.8083078125149533,0.7819069880149704,0.8217561097754894,0.8455124824794197,0.7255832416336342,0.7187529541455889,0.5363707336802366,0.5130644400463785,0.5501012196460764,0.549136088934975,0.5476309214554506,0.5883908605354489,0.8062720565688412,0.8717130234554684,0.8735763832568414,0.7790352999421024,0.7706276874511981,0.8181823869191573,0.5065255443563895,0.5804071527013055,0.7900958659316819,0.7472237322623512
sp_lg_h,ALL,returned_only,618,278,98,0.8206218165646467,0.8069695382885793,0.7783040364037691,0.8198436628851905,0.8436798804244069,0.726127902155218,0.7192016557723911,0.5337461468948154,0.5115793488906538,0.5469257297807003,0.550540518722412,0.5489095364799602,0.5901221428928037,0.8069695382885794,0.8725952524399064,0.875112897675137,0.7783040364037703,0.7720379854641599,0.8192255460920737,0.506771013251459,0.5792021723989285,0.7906551824262216,0.7490427077770021
sp_lg_h,FIRE,all_attempted,134,26,42,0.7802340270845167,0.8816627615895531,0.8737583665457365,0.7770346867987489,0.853393035342255,0.5415275034433779,0.5318024974814463,0.599171517241032,0.5756039942898529,0.5613425975430474,0.599171517241032,0.5756039942898529,0.5613425975430474,0.8816627615895531,0.9271479991434208,0.9286991944334901,0.8737583665457361,0.8588765867316344,0.7760822985140374,0.5,0.7202169316197569,0.7903690732720212,0.7704905816687692
sp_lg_h,FIRE,returned_only,134,26,42,0.7802340270845167,0.8816627615895531,0.8737583665457365,0.7770346867987489,0.853393035342255,0.5415275034433779,0.5318024974814463,0.599171517241032,0.5756039942898529,0.5613425975430474,0.599171517241032,0.5756039942898529,0.5613425975430474,0.8816627615895531,0.9271479991434208,0.9286991944334901,0.8737583665457361,0.8588765867316344,0.7760822985140374,0.5,0.7202169316197569,0.7903690732720212,0.7704905816687692
sp_lg_h,COph100,all_attempted,491,259,56,0.8388296292797239,0.7898171275233339,0.7135345342544303,0.8391882067886643,0.8492328258221153,0.7162707394341972,0.7088817880223884,0.594401116757879,0.5848229628226861,0.5936779555016812,0.594401116757879,0.5848229628226861,0.5936779555016812,0.7863591204688192,0.7993057304777896,0.8042873354328813,0.7099766126633011,0.6973668700000227,0.8347311738829948,0.5086731432954109,0.5153756393925237,0.767430079204905,0.7673241523322665
sp_lg_h,COph100,returned_only,484,252,56,0.8362052696000697,0.7880184633681527,0.7079327366802293,0.8365694736880981,0.8469246900272216,0.7169099368501489,0.7090835652618506,0.5971603347199632,0.587018595704887,0.5973036869227708,0.5971603347199632,0.587018595704887,0.5973036869227708,0.7880184633681526,0.8000798932924056,0.8055930654814709,0.7079327366802296,0.7008892069921926,0.8349731575153349,0.5090080772486401,0.5172003981009948,0.767423684787596,0.7678042987999566
sift_h,ALL,all_attempted,625,623,98,0.9789244186046508,0.6211873921080061,0.38337766065728607,0.9789244186046511,0.7937008378932965,0.5233784647579954,0.7196355286300571,0.6931536422708633,0.6266367011921058,0.7389176600872915,0.6743845067096621,0.6068522612533394,0.7307061632792661,0.5719642144648557,0.5139160315288904,0.8028782734023844,0.7741365078007946,0.7865568102240896,0.9780694254445951,0.8509176926584591,0.8080031431177124,0.9435439873623868,0.68139595954661
sift_h,ALL,returned_only,521,519,93,0.9756279788741468,0.5695771359226338,0.26578403120504596,0.9756279788741476,0.7035929190478035,0.5032100891257839,0.681844048922881,0.6574929820842287,0.5645888339822449,0.7184907079355382,0.6347925830203872,0.5393544442278805,0.7085619103913444,0.5695771359226339,0.5476752373024949,0.7487962904321387,0.7342159687949543,0.762046288064641,0.9745459229679253,0.828143444498669,0.7735226283063619,0.926655803997133,0.6113320882534304
sift_h,FIRE,all_attempted,134,132,42,0.9590032154340835,0.6934200830653806,0.6860430064308681,0.9590032154340842,0.8892936093247593,0.5892450428724543,0.850499062165059,0.6099611468381567,0.5943361468381565,0.6714228295819941,0.6099611468381567,0.5943361468381565,0.6714228295819941,0.6377780010718115,0.66864281886388,0.7986669346195076,0.6860430064308681,0.523085811897106,0.959003215434085,0.7796757770632377,0.7692591103965702,0.9335476956055734,0.7828744640943198
sift_h,FIRE,returned_only,105,103,38,0.950938593700286,0.6444638880050906,0.62739420935412,0.9509385937002856,0.8714444797963723,0.5845688832325807,0.7950047725103405,0.5527521476296526,0.5114222080814504,0.6384982500795413,0.5527521476296526,0.5114222080814504,0.6384982500795413,0.6444638880050908,0.6178173719376395,0.73522112631244,0.6273942093541205,0.5421571746738784,0.9509385937002858,0.737527839643652,0.7150811326757877,0.9008272351256761,0.7256442888959588
