pipeline,feature_arm,variant,assignments,median_raw_auroc,median_calibrated_auroc,median_brier,median_delta_raw_auroc_vs_guard,median_delta_calibrated_auroc_vs_guard,median_delta_brier_vs_guard,assignments_raw_auroc_improved,assignments_brier_improved,calibration_reversals
sp_lg_h,non_stability,clearance_only,21,0.6905876242837357,0.8118557202123189,0.1742926233751773,-0.1707336928010198,-0.04444590319092512,0.020159238925407663,0,0,0
sp_lg_h,non_stability,log_curvature,21,0.8385101549732287,0.8558983750978012,0.15363714902037806,-0.00012591558751195997,1.2202607571398794e-05,1.5125837790119778e-05,8,8,0
sp_lg_h,non_stability,no_curvature_plus_clearance,21,0.8415703052792306,0.8609743209740148,0.15154444671453718,0.004226732975268099,0.0028980690187504488,-0.0020247393250661105,16,18,0
sp_lg_h,non_stability,pole_guard,21,0.8384662063486111,0.8558861724902298,0.15364375476136205,0.0,0.0,0.0,0,0,0
sp_lg_h,non_stability,pole_guard_plus_clearance,21,0.841583441840478,0.8609014342470935,0.15155062289500618,0.004355767907520902,0.0029578645872856413,-0.002022910016867774,16,18,0
sp_lg_h,non_stability,quantile_curvature,21,0.8406803894865199,0.8583675347191909,0.15128042177731776,0.003770974881653899,0.003717543718077976,-0.0023633329840442863,16,17,0
sp_lg_h,non_stability_e1_e2,log_curvature,21,0.8378113520663396,0.8536018806078842,0.1543037107787283,-1.248444163004514e-05,-7.187777444350729e-06,-1.2480937945646975e-05,10,12,0
sp_lg_h,non_stability_e1_e2,no_curvature_plus_clearance,21,0.8405690067832234,0.8586483107901327,0.15119813527129308,0.003692209190440887,0.003962522491459786,-0.0019639051618455527,15,19,0
sp_lg_h,non_stability_e1_e2,pole_guard,21,0.8379032467852879,0.8536367584134184,0.15421945309124593,0.0,0.0,0.0,0,0,0
sp_lg_h,non_stability_e1_e2,pole_guard_plus_clearance,21,0.8405710408314166,0.8585627324500065,0.15117964094210903,0.003848386356850919,0.0038431234589421104,-0.0019627011563772834,15,19,0
sp_lg_h,non_stability_e1_e2,quantile_curvature,21,0.8375070482998551,0.8586378045679923,0.15132249132721168,0.0030692313491380574,0.0027754381769223846,-0.001473905299404027,12,15,0
xfeat_h,non_stability,clearance_only,21,0.5302526861906668,0.75282323183222,0.20212423650198094,-0.3003006361015397,-0.07862718365232779,0.03726689354739954,0,0,0
xfeat_h,non_stability,log_curvature,21,0.8331763430797927,0.8280685531503583,0.16883704225422522,7.415680904010458e-06,-5.765531091983522e-05,2.7356808436684865e-05,11,6,0
xfeat_h,non_stability,no_curvature_plus_clearance,21,0.8378784993989085,0.8299702344834173,0.16712036758929064,0.003751705471394362,0.002574227077506208,-0.001228433390337541,20,17,0
xfeat_h,non_stability,pole_guard,21,0.8325868855174763,0.8282063497339984,0.16944688776232342,0.0,0.0,0.0,0,0,0
xfeat_h,non_stability,pole_guard_plus_clearance,21,0.837875880478143,0.8299394713536198,0.16872939080761973,0.003591166809944646,0.0025661821992479794,-0.0013301654260985951,20,18,0
xfeat_h,non_stability,quantile_curvature,21,0.839500840276332,0.8349624266942837,0.16470346310321596,0.004985714287379928,0.003289747539514054,-0.0019054694837638275,21,19,0
xfeat_h,non_stability_e1_e2,log_curvature,21,0.8343111261733066,0.8296271388631385,0.16915945475468902,9.15289834515498e-05,-4.571165385081066e-05,1.2329403563632324e-05,13,10,0
xfeat_h,non_stability_e1_e2,no_curvature_plus_clearance,21,0.8368497577199271,0.8316342368766996,0.168264845529808,0.0025765530598426123,0.0029435885695860975,-0.0014754703633168553,18,18,0
xfeat_h,non_stability_e1_e2,pole_guard,21,0.8343614485060834,0.8290507567386141,0.17090413770619337,0.0,0.0,0.0,0,0,0
xfeat_h,non_stability_e1_e2,pole_guard_plus_clearance,21,0.8356794524121773,0.8319739781123725,0.1695139581274488,0.00207025286117557,0.0022775936714558576,-0.0014709360327878063,17,20,0
xfeat_h,non_stability_e1_e2,quantile_curvature,21,0.8402853957522628,0.8329965699221543,0.166526523527526,0.004680314519933004,0.0047543826532371325,-0.002280600324184534,19,20,0
