seed,pipeline,feature_arm,variant,pooled_raw_auroc,pooled_calibrated_auroc,pooled_brier
20260907,sp_lg_h,non_stability,clearance_only,0.549217498350731,0.807925186222816,0.17791991973397908
20260907,sp_lg_h,non_stability,log_curvature,0.8385101549732287,0.8389970915817515,0.1622567098624161
20260907,sp_lg_h,non_stability,no_curvature_plus_clearance,0.8415703052792306,0.841992709085549,0.1600510036991662
20260907,sp_lg_h,non_stability,pole_guard,0.8384662063486111,0.838716621290674,0.16227624223556697
20260907,sp_lg_h,non_stability,pole_guard_plus_clearance,0.841583441840478,0.8418949617696003,0.16004985405535035
20260907,sp_lg_h,non_stability,quantile_curvature,0.8442354703987863,0.8474592818770887,0.1587198349122969
20260907,sp_lg_h,non_stability_e1_e2,log_curvature,0.8378113520663396,0.8353163564006685,0.16343090512248262
20260907,sp_lg_h,non_stability_e1_e2,no_curvature_plus_clearance,0.8405690067832234,0.8410093733740667,0.16097222029510305
20260907,sp_lg_h,non_stability_e1_e2,pole_guard,0.8379032467852879,0.8354094023343928,0.1634583372024308
20260907,sp_lg_h,non_stability_e1_e2,pole_guard_plus_clearance,0.8405710408314166,0.8410065382176071,0.16097152948730453
20260907,sp_lg_h,non_stability_e1_e2,quantile_curvature,0.8427439859964354,0.8452866919978707,0.15945264949535404
20260907,xfeat_h,non_stability,clearance_only,0.44033157352149827,0.7586841769683415,0.19827400701750175
20260907,xfeat_h,non_stability,log_curvature,0.8300764069096258,0.8028049569637364,0.18106720198662907
20260907,xfeat_h,non_stability,no_curvature_plus_clearance,0.833961968309373,0.8061302496904754,0.17866572159049515
20260907,xfeat_h,non_stability,pole_guard,0.825517469587237,0.8083690618056297,0.17831801529933508
20260907,xfeat_h,non_stability,pole_guard_plus_clearance,0.8339321654505225,0.8059436217210556,0.17867496027562318
20260907,xfeat_h,non_stability,quantile_curvature,0.8379007339705716,0.8097121239919377,0.17687943854608068
20260907,xfeat_h,non_stability_e1_e2,log_curvature,0.8326656864147345,0.8073535838773112,0.17982405107502908
20260907,xfeat_h,non_stability_e1_e2,no_curvature_plus_clearance,0.8411754436539242,0.81162258441999,0.17634644780859243
20260907,xfeat_h,non_stability_e1_e2,pole_guard,0.8327591037778957,0.8075155710185472,0.17977675693761042
20260907,xfeat_h,non_stability_e1_e2,pole_guard_plus_clearance,0.8412497957333733,0.8116082722477372,0.1763687525752785
20260907,xfeat_h,non_stability_e1_e2,quantile_curvature,0.8425587103434815,0.813887949503672,0.17529894593912104
20260908,sp_lg_h,non_stability,clearance_only,0.7862099834030933,0.8058349078973954,0.17584014598177178
20260908,sp_lg_h,non_stability,log_curvature,0.827363116846157,0.8465427651195971,0.15923917575202534
20260908,sp_lg_h,non_stability,no_curvature_plus_clearance,0.8584072672004632,0.854397019238946,0.1556310782057773
20260908,sp_lg_h,non_stability,pole_guard,0.8272665254534295,0.8462315745798247,0.1592700266961595
20260908,sp_lg_h,non_stability,pole_guard_plus_clearance,0.8584025846520187,0.8543807868751824,0.15562449662684408
20260908,sp_lg_h,non_stability,quantile_curvature,0.8610606293248914,0.8523517046115963,0.15603729731498456
20260908,sp_lg_h,non_stability_e1_e2,log_curvature,0.8307254067828431,0.8471962801183519,0.15812085885904673
20260908,sp_lg_h,non_stability_e1_e2,no_curvature_plus_clearance,0.8352933109171483,0.8531499728114494,0.15623158659736905
20260908,sp_lg_h,non_stability_e1_e2,pole_guard,0.830600119772724,0.8470605945076897,0.15813974178814996
20260908,sp_lg_h,non_stability_e1_e2,pole_guard_plus_clearance,0.8353465822626515,0.8530979798087346,0.15623027558130942
20260908,sp_lg_h,non_stability_e1_e2,quantile_curvature,0.8358777481191085,0.8529981165849156,0.15666583648874594
20260908,xfeat_h,non_stability,clearance_only,0.6643236054895951,0.7413149988264464,0.20915857547063907
20260908,xfeat_h,non_stability,log_curvature,0.8439426406242396,0.8361674512774776,0.16281318736929384
20260908,xfeat_h,non_stability,no_curvature_plus_clearance,0.8455368335513146,0.8387526805789572,0.1619393629153573
20260908,xfeat_h,non_stability,pole_guard,0.8435435354779859,0.836178453501451,0.16276161415890947
20260908,xfeat_h,non_stability,pole_guard_plus_clearance,0.845446607136349,0.8387418488145636,0.1619390589059031
20260908,xfeat_h,non_stability,quantile_curvature,0.8457614944201355,0.836297592342205,0.16203462321499143
20260908,xfeat_h,non_stability_e1_e2,log_curvature,0.8475496399588609,0.8385413767967732,0.16164455204092812
20260908,xfeat_h,non_stability_e1_e2,no_curvature_plus_clearance,0.8491265283833873,0.8397266800533207,0.1610103214545948
20260908,xfeat_h,non_stability_e1_e2,pole_guard,0.8474101387794247,0.838206722371636,0.16158392001213334
20260908,xfeat_h,non_stability_e1_e2,pole_guard_plus_clearance,0.8493473034039097,0.8397614152129459,0.16100905580204905
20260908,xfeat_h,non_stability_e1_e2,quantile_curvature,0.8478031849638774,0.8394699486290691,0.16125499297332851
20260909,sp_lg_h,non_stability,clearance_only,0.6905876242837357,0.8118557202123189,0.17087757492211447
20260909,sp_lg_h,non_stability,log_curvature,0.8624349111170019,0.8650841148101652,0.14870781867484334
20260909,sp_lg_h,non_stability,no_curvature_plus_clearance,0.8670403163332819,0.8695431620528011,0.14625410100134714
20260909,sp_lg_h,non_stability,pole_guard,0.8624197408438788,0.8650705669326247,0.1487609543006873
20260909,sp_lg_h,non_stability,pole_guard_plus_clearance,0.8672092741697701,0.8693567564011323,0.14628557018770677
20260909,sp_lg_h,non_stability,quantile_curvature,0.8539918808964617,0.8653683591216143,0.1489480206238774
20260909,sp_lg_h,non_stability_e1_e2,log_curvature,0.8772094034609768,0.8649575551746576,0.14790835135487726
20260909,sp_lg_h,non_stability_e1_e2,no_curvature_plus_clearance,0.8809415484029802,0.8691879353113375,0.14550785534298355
20260909,sp_lg_h,non_stability_e1_e2,pole_guard,0.8770651837939486,0.8646493814027908,0.14793568677429914
20260909,sp_lg_h,non_stability_e1_e2,pole_guard_plus_clearance,0.8809135701507995,0.8691853221244227,0.14551315523601732
20260909,sp_lg_h,non_stability_e1_e2,quantile_curvature,0.853615579828296,0.8662037418401168,0.14866378186355603
20260909,xfeat_h,non_stability,clearance_only,0.5234649237022503,0.7648215069865888,0.1963763888343921
20260909,xfeat_h,non_stability,log_curvature,0.8331763430797927,0.8510472094943226,0.15598144260669958
20260909,xfeat_h,non_stability,no_curvature_plus_clearance,0.8589751329873807,0.8625106405766161,0.14806000313840295
20260909,xfeat_h,non_stability,pole_guard,0.8331245911707179,0.8512212338255127,0.15596748411752887
20260909,xfeat_h,non_stability,pole_guard_plus_clearance,0.858971411363135,0.8625096757110708,0.14806144991005712
20260909,xfeat_h,non_stability,quantile_curvature,0.8601810318569048,0.8630365623991549,0.14786510492914615
20260909,xfeat_h,non_stability_e1_e2,log_curvature,0.8347912730678189,0.8498778992451894,0.15618042392118375
20260909,xfeat_h,non_stability_e1_e2,no_curvature_plus_clearance,0.8601634469526152,0.8618794294095726,0.1487255169665821
20260909,xfeat_h,non_stability_e1_e2,pole_guard,0.8453303006682471,0.8547381604016464,0.15307928392206208
20260909,xfeat_h,non_stability_e1_e2,pole_guard_plus_clearance,0.8602174794231432,0.8618906494174833,0.14871193401348898
20260909,xfeat_h,non_stability_e1_e2,quantile_curvature,0.8525762795106173,0.8594925430548835,0.14984419778597838
20260910,sp_lg_h,non_stability,clearance_only,0.7308749669294982,0.81653251574447,0.1709943565306442
20260910,sp_lg_h,non_stability,log_curvature,0.8712541875186924,0.8599952989379505,0.15234154338232386
20260910,sp_lg_h,non_stability,no_curvature_plus_clearance,0.8629019829310552,0.8680021784419384,0.14752783221812446
20260910,sp_lg_h,non_stability,pole_guard,0.8713294590729511,0.8600762347514138,0.15231145281668895
20260910,sp_lg_h,non_stability,pole_guard_plus_clearance,0.8629738808845492,0.868079103332989,0.14747890605177982
20260910,sp_lg_h,non_stability,quantile_curvature,0.8406803894865199,0.8602761600299532,0.15173655043416187
20260910,sp_lg_h,non_stability_e1_e2,log_curvature,0.8715563898389594,0.860553457232758,0.1519857164469186
20260910,sp_lg_h,non_stability_e1_e2,no_curvature_plus_clearance,0.8634554585428907,0.8693379439440978,0.14740221429798223
20260910,sp_lg_h,non_stability_e1_e2,pole_guard,0.8717719000700906,0.8608132480338717,0.15194166224978314
20260910,sp_lg_h,non_stability_e1_e2,pole_guard_plus_clearance,0.8634608826714057,0.8694081468574308,0.14740893946127764
20260910,sp_lg_h,non_stability_e1_e2,quantile_curvature,0.8490495724573826,0.8617849779668029,0.15101464723839267
20260910,xfeat_h,non_stability,clearance_only,0.5402896369467579,0.7524215578463179,0.20640182874634452
20260910,xfeat_h,non_stability,log_curvature,0.8178662755711401,0.827631721826927,0.16883704225422522
20260910,xfeat_h,non_stability,no_curvature_plus_clearance,0.8244831798657344,0.8297912517278829,0.16712036758929064
20260910,xfeat_h,non_stability,pole_guard,0.8179530881999147,0.8275577272071898,0.16876980692012794
20260910,xfeat_h,non_stability,pole_guard_plus_clearance,0.8245047101511846,0.8298014953837539,0.16712931704310588
20260910,xfeat_h,non_stability,quantile_curvature,0.839500840276332,0.8469482048707274,0.15848851447265824
20260910,xfeat_h,non_stability_e1_e2,log_curvature,0.8203567057826177,0.8306045874364604,0.1676657484733754
20260910,xfeat_h,non_stability_e1_e2,no_curvature_plus_clearance,0.8228819610765629,0.8342447995435329,0.16581358399691346
20260910,xfeat_h,non_stability_e1_e2,pole_guard,0.8203054080167202,0.8306514601451837,0.16760502133800315
20260910,xfeat_h,non_stability_e1_e2,pole_guard_plus_clearance,0.822858788222387,0.8341663398936204,0.16582599152899347
20260910,xfeat_h,non_stability_e1_e2,quantile_curvature,0.8398961161534775,0.8489642774465997,0.1591492940279362
20260911,sp_lg_h,non_stability,clearance_only,0.6189500788680133,0.7525004286057035,0.20730300565260418
20260911,sp_lg_h,non_stability,log_curvature,0.8355808325752929,0.8344190194261759,0.1674481293205888
20260911,sp_lg_h,non_stability,no_curvature_plus_clearance,0.8528615989247768,0.8389907468177337,0.16540198035611842
20260911,sp_lg_h,non_stability,pole_guard,0.8357942375261861,0.8343507119982292,0.16742671968118453
20260911,sp_lg_h,non_stability,pole_guard_plus_clearance,0.8528628702048975,0.8389719601226164,0.16540380966431675
20260911,sp_lg_h,non_stability,quantile_curvature,0.8388235424733855,0.8382277271798185,0.1658202928803621
20260911,sp_lg_h,non_stability_e1_e2,log_curvature,0.8342339445828229,0.8285036708284799,0.16977919423182677
20260911,sp_lg_h,non_stability_e1_e2,no_curvature_plus_clearance,0.8382705841178552,0.8321528496083197,0.16868819991741188
20260911,sp_lg_h,non_stability_e1_e2,pole_guard,0.8341100943210304,0.828448478437461,0.16975088881508224
20260911,sp_lg_h,non_stability_e1_e2,pole_guard_plus_clearance,0.8382801045934258,0.8321199823087544,0.16868131272490172
20260911,sp_lg_h,non_stability_e1_e2,quantile_curvature,0.8374678129631007,0.8309906889087053,0.17024826739208493
20260911,xfeat_h,non_stability,clearance_only,0.5747389376947033,0.75282323183222,0.20137811400169353
20260911,xfeat_h,non_stability,log_curvature,0.8437528699499016,0.8454046212418828,0.15807638416308478
20260911,xfeat_h,non_stability,no_curvature_plus_clearance,0.8477323967170574,0.8492404872745457,0.15583817460551913
20260911,xfeat_h,non_stability,pole_guard,0.8389898587075703,0.8402819616842042,0.16102895174788567
20260911,xfeat_h,non_stability,pole_guard_plus_clearance,0.8425810255175149,0.8428278231587015,0.15914221883710633
20260911,xfeat_h,non_stability,quantile_curvature,0.8497860399757904,0.850473449309869,0.15543644112818777
20260911,xfeat_h,non_stability_e1_e2,log_curvature,0.8279706193631641,0.8299422823285741,0.16703022610422702
20260911,xfeat_h,non_stability_e1_e2,no_curvature_plus_clearance,0.8302151184089681,0.831609268125504,0.16563595568872447
20260911,xfeat_h,non_stability_e1_e2,pole_guard,0.8277439386434973,0.8299315447534361,0.16701035844759202
20260911,xfeat_h,non_stability_e1_e2,pole_guard_plus_clearance,0.8298141915046728,0.8319739781123725,0.16577712852616164
20260911,xfeat_h,non_stability_e1_e2,quantile_curvature,0.8309007444483533,0.8351940711549017,0.16399906170635709
20260912,sp_lg_h,non_stability,clearance_only,0.6123475110122836,0.8159277856831348,0.1742926233751773
20260912,sp_lg_h,non_stability,log_curvature,0.7999759643843287,0.8490237056064206,0.15830605167222236
20260912,sp_lg_h,non_stability,no_curvature_plus_clearance,0.868302316983543,0.8624707755435319,0.15048515175661134
20260912,sp_lg_h,non_stability,pole_guard,0.800471860692637,0.8489981622928836,0.1583052126435413
20260912,sp_lg_h,non_stability,pole_guard_plus_clearance,0.868481600775996,0.8624544163880736,0.15048200969272832
20260912,sp_lg_h,non_stability,quantile_curvature,0.829397039525615,0.8620983247052826,0.15027841405689418
20260912,sp_lg_h,non_stability_e1_e2,log_curvature,0.814182722398276,0.8482638310751667,0.15922187786040673
20260912,sp_lg_h,non_stability_e1_e2,no_curvature_plus_clearance,0.8170854237869011,0.8527675596437081,0.1574557237632676
20260912,sp_lg_h,non_stability_e1_e2,pole_guard,0.81405317424553,0.848196596836338,0.15924214068214698
20260912,sp_lg_h,non_stability_e1_e2,pole_guard_plus_clearance,0.8169314835353944,0.8526020954733291,0.15746158972139487
20260912,sp_lg_h,non_stability_e1_e2,quantile_curvature,0.7812419962490569,0.8531942837172717,0.15577508987311234
20260912,xfeat_h,non_stability,clearance_only,0.4568737494548334,0.7373569571207711,0.21262142125648742
20260912,xfeat_h,non_stability,log_curvature,0.8171815286095931,0.8256655996839521,0.17034413236699408
20260912,xfeat_h,non_stability,no_curvature_plus_clearance,0.8222348486627865,0.8290933952628841,0.168733402711214
20260912,xfeat_h,non_stability,pole_guard,0.8172375659657045,0.8256775800978043,0.1703577892595308
20260912,xfeat_h,non_stability,pole_guard_plus_clearance,0.8222086525632358,0.8290982195906099,0.1687333720991843
20260912,xfeat_h,non_stability,quantile_curvature,0.8230387263260855,0.8295356913353434,0.16845231977576697
20260912,xfeat_h,non_stability_e1_e2,log_curvature,0.8009423698165434,0.8161053018932709,0.1745346398335998
20260912,xfeat_h,non_stability_e1_e2,no_curvature_plus_clearance,0.8322308916139723,0.8363805120995089,0.1649623573913108
20260912,xfeat_h,non_stability_e1_e2,pole_guard,0.765640025401522,0.8087786590442224,0.17751084290820224
20260912,xfeat_h,non_stability_e1_e2,pole_guard_plus_clearance,0.8322365085098246,0.836381476965054,0.16496319275077972
20260912,xfeat_h,non_stability_e1_e2,quantile_curvature,0.8477759395894565,0.8441384860132851,0.1610496175528992
20260913,sp_lg_h,non_stability,clearance_only,0.6017384217273783,0.7922773183149305,0.1810798462003048
20260913,sp_lg_h,non_stability,log_curvature,0.8189671980471922,0.8421094102464102,0.1616656026260413
20260913,sp_lg_h,non_stability,no_curvature_plus_clearance,0.8447716694483042,0.8491663792891995,0.15810168753785828
20260913,sp_lg_h,non_stability,pole_guard,0.8191079169854438,0.842117737131201,0.16173588764644767
20260913,sp_lg_h,non_stability,pole_guard_plus_clearance,0.8446379401964944,0.8492182522265698,0.15812446177283035
20260913,sp_lg_h,non_stability,quantile_curvature,0.8429880157491159,0.8517987506281932,0.15718169157567533
20260913,sp_lg_h,non_stability_e1_e2,log_curvature,0.8387301951319263,0.842234124104259,0.1615620120827515
20260913,sp_lg_h,non_stability_e1_e2,no_curvature_plus_clearance,0.8248927604726026,0.8455230538462578,0.1591937865222304
20260913,sp_lg_h,non_stability_e1_e2,pole_guard,0.8388519817495862,0.8422413118817034,0.16158407391164661
20260913,sp_lg_h,non_stability_e1_e2,pole_guard_plus_clearance,0.8249279937657262,0.8453778760106943,0.15918439746544014
20260913,sp_lg_h,non_stability_e1_e2,quantile_curvature,0.8233204837970931,0.8471179466623796,0.158326991460278
20260913,xfeat_h,non_stability,clearance_only,0.6474376314219742,0.7582558992107863,0.19915850630960144
20260913,xfeat_h,non_stability,log_curvature,0.8134423330466335,0.8113261734581092,0.17566882337572748
20260913,xfeat_h,non_stability,no_curvature_plus_clearance,0.8140342067766752,0.8112028577340991,0.17596171157027377
20260913,xfeat_h,non_stability,pole_guard,0.8134349173657295,0.8114554815222506,0.1756830604207547
20260913,xfeat_h,non_stability,pole_guard_plus_clearance,0.8173879388169005,0.8148289602906834,0.17435289499465612
20260913,xfeat_h,non_stability,quantile_curvature,0.8160055943944011,0.8121251711334116,0.17569816895150786
20260913,xfeat_h,non_stability_e1_e2,log_curvature,0.8123857251317882,0.8112780825902252,0.1763232622339745
20260913,xfeat_h,non_stability_e1_e2,no_curvature_plus_clearance,0.8253350431149882,0.8169011093423859,0.17445070865149276
20260913,xfeat_h,non_stability_e1_e2,pole_guard,0.8124188177226873,0.8111915456373203,0.17633158044203406
20260913,xfeat_h,non_stability_e1_e2,pole_guard_plus_clearance,0.8174580727273515,0.8145275572982558,0.1748370111078681
20260913,xfeat_h,non_stability_e1_e2,quantile_curvature,0.8185661099448672,0.815410612681472,0.1742467921580484
20260914,sp_lg_h,non_stability,clearance_only,0.7431841293666327,0.8248910287065725,0.16946652705428328
20260914,sp_lg_h,non_stability,log_curvature,0.8509930551928407,0.8689215246384953,0.1467495994738508
20260914,sp_lg_h,non_stability,no_curvature_plus_clearance,0.8537506480273055,0.87043859647924,0.14538870254882028
20260914,sp_lg_h,non_stability,pole_guard,0.8507380392256917,0.8693369318974976,0.1467223777613749
20260914,sp_lg_h,non_stability,pole_guard_plus_clearance,0.853750803405987,0.8703368516935787,0.14539960553683567
20260914,sp_lg_h,non_stability,quantile_curvature,0.8753395939645268,0.8730544756155756,0.14259123632252155
20260914,sp_lg_h,non_stability_e1_e2,log_curvature,0.8409506648509314,0.8636364075777745,0.14841811177278036
20260914,sp_lg_h,non_stability_e1_e2,no_curvature_plus_clearance,0.8676862801971743,0.8696384815600382,0.1457021159974104
20260914,sp_lg_h,non_stability_e1_e2,pole_guard,0.8408405790551445,0.8636325184022942,0.14843126184671962
20260914,sp_lg_h,non_stability_e1_e2,pole_guard_plus_clearance,0.8542890141722195,0.8677287539350623,0.14636454928703047
20260914,sp_lg_h,non_stability_e1_e2,quantile_curvature,0.8476573147643645,0.8654234415368135,0.14802310143141642
20260914,xfeat_h,non_stability,clearance_only,0.5239968209961842,0.7587819178480648,0.1997025290762483
20260914,xfeat_h,non_stability,log_curvature,0.8242379961098554,0.8250304868500669,0.1751667246586576
20260914,xfeat_h,non_stability,no_curvature_plus_clearance,0.8236695264735346,0.82795481040221,0.17350546967027747
20260914,xfeat_h,non_stability,pole_guard,0.8242974570977238,0.8252434471160447,0.17511378718201254
20260914,xfeat_h,non_stability,pole_guard_plus_clearance,0.8236149603732867,0.8279441417460394,0.17349604732316837
20260914,xfeat_h,non_stability,quantile_curvature,0.8314210319155687,0.828849120055909,0.1722969660431416
20260914,xfeat_h,non_stability_e1_e2,log_curvature,0.8190510407346444,0.8315581420662914,0.17023198100219533
20260914,xfeat_h,non_stability_e1_e2,no_curvature_plus_clearance,0.8222302466479584,0.8342689486184727,0.168264845529808
20260914,xfeat_h,non_stability_e1_e2,pole_guard,0.8150653879245592,0.8283564409363444,0.17200639417335872
20260914,xfeat_h,non_stability_e1_e2,pole_guard_plus_clearance,0.8183829762327368,0.8301415029091884,0.17018592317515208
20260914,xfeat_h,non_stability_e1_e2,quantile_curvature,0.8242112675620523,0.8338187092740041,0.1674990890611045
20260915,sp_lg_h,non_stability,clearance_only,0.7110650982848227,0.8157451396574478,0.17096157570904005
20260915,sp_lg_h,non_stability,log_curvature,0.8163890097431601,0.8542127354815976,0.15378018046662445
20260915,sp_lg_h,non_stability,no_curvature_plus_clearance,0.8305039756822591,0.8609743209740148,0.14947883526025785
20260915,sp_lg_h,non_stability,pole_guard,0.8165889743708468,0.8545643597918761,0.1536892477590836
20260915,sp_lg_h,non_stability,pole_guard_plus_clearance,0.8304513729359306,0.8609014342470935,0.14949690220529627
20260915,sp_lg_h,non_stability,quantile_curvature,0.8348290076686891,0.8629471905265741,0.14771664673367885
20260915,sp_lg_h,non_stability_e1_e2,log_curvature,0.8298312412823029,0.8594063015398501,0.1509873425673096
20260915,sp_lg_h,non_stability_e1_e2,no_curvature_plus_clearance,0.84552068146267,0.8710778417285894,0.1439743669632767
20260915,sp_lg_h,non_stability_e1_e2,pole_guard,0.8303696771794633,0.8597208592903547,0.1508724851973764
20260915,sp_lg_h,non_stability_e1_e2,pole_guard_plus_clearance,0.8454605075369559,0.8710207188751652,0.14400253859333523
20260915,sp_lg_h,non_stability_e1_e2,quantile_curvature,0.8360585170223443,0.8641173557170321,0.147298746482358
20260915,xfeat_h,non_stability,clearance_only,0.5399121172867646,0.7724101265840498,0.19537486173100738
20260915,xfeat_h,non_stability,log_curvature,0.8396340259184972,0.831559777743122,0.16615856014860775
20260915,xfeat_h,non_stability,no_curvature_plus_clearance,0.8413714943558549,0.8345304834978503,0.16492385476572033
20260915,xfeat_h,non_stability,pole_guard,0.8396530980941064,0.8316726791547696,0.16615228815605787
20260915,xfeat_h,non_stability,pole_guard_plus_clearance,0.84140622951548,0.8345450460756852,0.16491239266297303
20260915,xfeat_h,non_stability,quantile_curvature,0.8400787917842024,0.8349624266942837,0.16470346310321596
20260915,xfeat_h,non_stability_e1_e2,log_curvature,0.815499067025692,0.8219904526835252,0.17313528445009613
20260915,xfeat_h,non_stability_e1_e2,no_curvature_plus_clearance,0.8145816907186637,0.8229503099201199,0.17153781971583443
20260915,xfeat_h,non_stability_e1_e2,pole_guard,0.8153228389284695,0.8220649823113622,0.17315759738740194
20260915,xfeat_h,non_stability_e1_e2,pole_guard_plus_clearance,0.8145712494950857,0.8229503099201199,0.1715369038888185
20260915,xfeat_h,non_stability_e1_e2,quantile_curvature,0.831882760773929,0.8298976464669884,0.1680334892463342
20260916,sp_lg_h,non_stability,clearance_only,0.7235798630397665,0.8108382629388134,0.17480467389258353
20260916,sp_lg_h,non_stability,log_curvature,0.8276193849233282,0.8482337128347823,0.159722159017053
20260916,sp_lg_h,non_stability,no_curvature_plus_clearance,0.8429617403396632,0.85600662204407,0.1548850055031077
20260916,sp_lg_h,non_stability,pole_guard,0.8274847587127665,0.8480556441574286,0.15969638340282455
20260916,sp_lg_h,non_stability,pole_guard_plus_clearance,0.8429828499796993,0.8559496068122431,0.15490890599671497
20260916,sp_lg_h,non_stability,quantile_curvature,0.8451936179480047,0.8564335182449254,0.15521914999873415
20260916,sp_lg_h,non_stability_e1_e2,log_curvature,0.8264459917575825,0.8466119366817079,0.1605288377612259
20260916,sp_lg_h,non_stability_e1_e2,no_curvature_plus_clearance,0.8412845580321736,0.8512014228476,0.15821059392623227
20260916,sp_lg_h,non_stability_e1_e2,pole_guard,0.826505972637056,0.8465932418012656,0.16051277887673826
20260916,sp_lg_h,non_stability_e1_e2,pole_guard_plus_clearance,0.8322364948627643,0.8495585240053708,0.15951799856479154
20260916,sp_lg_h,non_stability_e1_e2,quantile_curvature,0.8451667705970254,0.85665117963,0.155030568617016
20260916,xfeat_h,non_stability,clearance_only,0.511306319793917,0.7297153641075809,0.21213064150599414
20260916,xfeat_h,non_stability,log_curvature,0.8271358417823246,0.8194512390669981,0.17464203062701217
20260916,xfeat_h,non_stability,no_curvature_plus_clearance,0.828156793189406,0.8202507133990077,0.17370421455099563
20260916,xfeat_h,non_stability,pole_guard,0.8270959606731255,0.819421217964751,0.1746106912835842
20260916,xfeat_h,non_stability,pole_guard_plus_clearance,0.8281554561614364,0.8201686998276704,0.1737075144428244
20260916,xfeat_h,non_stability,quantile_curvature,0.8290442260428895,0.8209326151886623,0.1732578888337451
20260916,xfeat_h,non_stability_e1_e2,log_curvature,0.8290270348299973,0.8205825164167284,0.17412377361348513
20260916,xfeat_h,non_stability_e1_e2,no_curvature_plus_clearance,0.8313920672426377,0.8202776537577693,0.17292449720839856
20260916,xfeat_h,non_stability_e1_e2,pole_guard,0.8289355058465457,0.8207027937988272,0.17407936767060936
20260916,xfeat_h,non_stability_e1_e2,pole_guard_plus_clearance,0.8313976634627995,0.8202525203886976,0.17291731537461416
20260916,xfeat_h,non_stability_e1_e2,quantile_curvature,0.8328449462901557,0.8228972022764959,0.17179876734642482
20260917,sp_lg_h,non_stability,clearance_only,0.5637100862113149,0.8152195700567987,0.17045439078193486
20260917,sp_lg_h,non_stability,log_curvature,0.8165703898025413,0.8528486798936842,0.15659317195745967
20260917,sp_lg_h,non_stability,no_curvature_plus_clearance,0.8286905101279212,0.8554445410765629,0.15585162009419307
20260917,sp_lg_h,non_stability,pole_guard,0.816789073525529,0.8528774602630838,0.15657804611966955
20260917,sp_lg_h,non_stability,pole_guard_plus_clearance,0.82843852828266,0.8554939656225895,0.15583883723092984
20260917,sp_lg_h,non_stability,quantile_curvature,0.8308309296919463,0.8570937744587589,0.15451853359947068
20260917,sp_lg_h,non_stability_e1_e2,log_curvature,0.8364372067518654,0.8525342568719669,0.15634286949506326
20260917,sp_lg_h,non_stability_e1_e2,no_curvature_plus_clearance,0.8665325840707309,0.8521771008115757,0.15622844377780018
20260917,sp_lg_h,non_stability_e1_e2,pole_guard,0.8362198884778961,0.852505500044792,0.15635313273181
20260917,sp_lg_h,non_stability_e1_e2,pole_guard_plus_clearance,0.8665275813480339,0.8522851808098387,0.1562321031977505
20260917,sp_lg_h,non_stability_e1_e2,quantile_curvature,0.8351342921369801,0.8559880563768087,0.15383285677645256
20260917,xfeat_h,non_stability,clearance_only,0.46551139765291616,0.7325138032929772,0.21436649664855956
20260917,xfeat_h,non_stability,log_curvature,0.8302137300527777,0.8280685531503583,0.165904362054039
20260917,xfeat_h,non_stability,no_curvature_plus_clearance,0.8324955736615927,0.8299702344834173,0.16412208347665724
20260917,xfeat_h,non_stability,pole_guard,0.8302402799363614,0.8282063497339984,0.16590238291999215
20260917,xfeat_h,non_stability,pole_guard_plus_clearance,0.8324934509573934,0.8299394713536198,0.16413462399735984
20260917,xfeat_h,non_stability,quantile_curvature,0.8339908566463436,0.8304651154655381,0.1638528012104219
20260917,xfeat_h,non_stability_e1_e2,log_curvature,0.8343111261733066,0.8293591851336786,0.16398871085767996
20260917,xfeat_h,non_stability_e1_e2,no_curvature_plus_clearance,0.8370345747614295,0.8323615776636433,0.16236801376315702
20260917,xfeat_h,non_stability_e1_e2,pole_guard,0.8343614485060834,0.8294179890940572,0.16403091679697984
20260917,xfeat_h,non_stability_e1_e2,pole_guard_plus_clearance,0.8369975537893819,0.8320026752484372,0.1625131039033814
20260917,xfeat_h,non_stability_e1_e2,quantile_curvature,0.8381291358922228,0.8317270925174582,0.1622205266789662
20260918,sp_lg_h,non_stability,clearance_only,0.6925236649857245,0.8195460792169186,0.17249292005213998
20260918,sp_lg_h,non_stability,log_curvature,0.8325202383302036,0.8489349855228079,0.15931211017029992
20260918,sp_lg_h,non_stability,no_curvature_plus_clearance,0.8340723566060722,0.8517212531902438,0.15731917736306678
20260918,sp_lg_h,non_stability,pole_guard,0.8332008440392773,0.8489158880703276,0.15928203294886703
20260918,sp_lg_h,non_stability,pole_guard_plus_clearance,0.834481800619619,0.8517874421543069,0.1573099392005483
20260918,sp_lg_h,non_stability,quantile_curvature,0.833984580431134,0.8541385553448662,0.15639366180370629
20260918,sp_lg_h,non_stability_e1_e2,log_curvature,0.832910920805182,0.8490733036922739,0.1593473137111357
20260918,sp_lg_h,non_stability_e1_e2,no_curvature_plus_clearance,0.8359247424349365,0.8526261930252308,0.15734295966202166
20260918,sp_lg_h,non_stability_e1_e2,pole_guard,0.8333154333953399,0.8493330716237981,0.15930686482386722
20260918,sp_lg_h,non_stability_e1_e2,pole_guard_plus_clearance,0.8360724793102987,0.8526575653935432,0.15734416366748993
20260918,sp_lg_h,non_stability_e1_e2,quantile_curvature,0.8539548030364215,0.857033146773485,0.15548794558497558
20260918,xfeat_h,non_stability,clearance_only,0.44684756371019285,0.7593621862147116,0.20212423650198094
20260918,xfeat_h,non_stability,log_curvature,0.8320539118405457,0.8075978189143749,0.179402701539032
20260918,xfeat_h,non_stability,no_curvature_plus_clearance,0.8350913724415668,0.8120777869803144,0.17802493062275088
20260918,xfeat_h,non_stability,pole_guard,0.8322102843832286,0.8077327438743687,0.17936789518436716
20260918,xfeat_h,non_stability,pole_guard_plus_clearance,0.8350842852744078,0.8120713223811618,0.17803707998756335
20260918,xfeat_h,non_stability,quantile_curvature,0.8371959986706086,0.8144117388420833,0.17676575648314802
20260918,xfeat_h,non_stability_e1_e2,log_curvature,0.8361775881417665,0.812021408901954,0.17845671694789672
20260918,xfeat_h,non_stability_e1_e2,no_curvature_plus_clearance,0.8386611445723351,0.8143942299455685,0.1771864773700212
20260918,xfeat_h,non_stability_e1_e2,pole_guard,0.8363843571871628,0.8122235826931453,0.17841657894799678
20260918,xfeat_h,non_stability_e1_e2,pole_guard_plus_clearance,0.8386422804663709,0.8143834408452976,0.17718302066356223
20260918,xfeat_h,non_stability_e1_e2,quantile_curvature,0.8409047352661486,0.8167273913395993,0.17591093997106
20260919,sp_lg_h,non_stability,clearance_only,0.7219228519792427,0.8136497779603937,0.17173151866412914
20260919,sp_lg_h,non_stability,log_curvature,0.8436362053621713,0.8602209015861805,0.15122740946949356
20260919,sp_lg_h,non_stability,no_curvature_plus_clearance,0.8364251565633797,0.8618498922875715,0.14982383524455042
20260919,sp_lg_h,non_stability,pole_guard,0.8437967776600983,0.8604190823858884,0.15122407538377827
20260919,sp_lg_h,non_stability,pole_guard_plus_clearance,0.8364877600466577,0.8618661818253086,0.14981115162836586
20260919,sp_lg_h,non_stability,quantile_curvature,0.8285825907548918,0.8627259643778732,0.15036527207204395
20260919,sp_lg_h,non_stability_e1_e2,log_curvature,0.826048839812058,0.8607312595466552,0.1517744739431894
20260919,sp_lg_h,non_stability_e1_e2,no_curvature_plus_clearance,0.8385100066572151,0.8623452479318792,0.1496396776989687
20260919,sp_lg_h,non_stability_e1_e2,pole_guard,0.8261911643300175,0.8607660125783999,0.15177082409907142
20260919,sp_lg_h,non_stability_e1_e2,pole_guard_plus_clearance,0.838434633871391,0.8623623678375049,0.1496357354438336
20260919,sp_lg_h,non_stability_e1_e2,quantile_curvature,0.829516042645183,0.8621442006981848,0.1504228054788694
20260919,xfeat_h,non_stability,clearance_only,0.48720393029859216,0.7702181582316517,0.1997637958485868
20260919,xfeat_h,non_stability,log_curvature,0.8213286544254194,0.8203383346113641,0.17100902459447742
20260919,xfeat_h,non_stability,no_curvature_plus_clearance,0.8260015598937976,0.8248800435046165,0.16897419367460972
20260919,xfeat_h,non_stability,pole_guard,0.8213949728505556,0.8202186338512937,0.171020463741113
20260919,xfeat_h,non_stability,pole_guard_plus_clearance,0.8257060146854234,0.8244193408825007,0.16908209741485145
20260919,xfeat_h,non_stability,quantile_curvature,0.825874642989644,0.8249487056997453,0.1687630805657427
20260919,xfeat_h,non_stability_e1_e2,log_curvature,0.8119566911690662,0.8163362956931997,0.17200570907433269
20260919,xfeat_h,non_stability_e1_e2,no_curvature_plus_clearance,0.8159481613963806,0.8182446057181898,0.170849582700825
20260919,xfeat_h,non_stability_e1_e2,pole_guard,0.8115555253456833,0.8158565737333497,0.17201814831466963
20260919,xfeat_h,non_stability_e1_e2,pole_guard_plus_clearance,0.8072282221132502,0.8173427141904197,0.17181126932741173
20260919,xfeat_h,non_stability_e1_e2,quantile_curvature,0.8170411471708503,0.8199825980709756,0.17040523562170823
20260920,sp_lg_h,non_stability,clearance_only,0.5242656684056071,0.8181029827628168,0.16950740933593372
20260920,sp_lg_h,non_stability,log_curvature,0.832330942769585,0.8558983750978012,0.15363714902037806
20260920,sp_lg_h,non_stability,no_curvature_plus_clearance,0.8344715352008009,0.858418189783656,0.15186563677844328
20260920,sp_lg_h,non_stability,pole_guard,0.8327068000331868,0.8558861724902298,0.15364375476136205
20260920,sp_lg_h,non_stability,pole_guard_plus_clearance,0.8347792544059451,0.8583998228127692,0.1518550164680076
20260920,sp_lg_h,non_stability,quantile_curvature,0.8349244770389992,0.8583118266189264,0.15128042177731776
20260920,sp_lg_h,non_stability_e1_e2,log_curvature,0.8124298164585536,0.8536018806078842,0.15635825594103037
20260920,sp_lg_h,non_stability_e1_e2,no_curvature_plus_clearance,0.8218932487485645,0.8664341296136229,0.14795667974115634
20260920,sp_lg_h,non_stability_e1_e2,pole_guard,0.8126208938965075,0.8536367584134184,0.15637717123736894
20260920,sp_lg_h,non_stability_e1_e2,pole_guard_plus_clearance,0.8219005868599281,0.8663704596675771,0.14794747846038117
20260920,sp_lg_h,non_stability_e1_e2,quantile_curvature,0.8375070482998551,0.8598062793594683,0.15088378169688796
20260920,xfeat_h,non_stability,clearance_only,0.5074875923988207,0.7414068044046865,0.2142022670545281
20260920,xfeat_h,non_stability,log_curvature,0.832209089459605,0.8233448401596728,0.17288102253473725
20260920,xfeat_h,non_stability,no_curvature_plus_clearance,0.8343744313299092,0.8255512125106418,0.17306274428046228
20260920,xfeat_h,non_stability,pole_guard,0.8322631862545029,0.823670608632599,0.17262598235152282
20260920,xfeat_h,non_stability,pole_guard_plus_clearance,0.8343739488971367,0.826236790831847,0.17255809156248997
20260920,xfeat_h,non_stability,quantile_curvature,0.8340919321538997,0.8240151469565968,0.17286123820616703
20260920,xfeat_h,non_stability_e1_e2,log_curvature,0.8350412202401839,0.8308539365890976,0.16915945475468902
20260920,xfeat_h,non_stability_e1_e2,no_curvature_plus_clearance,0.8357152804297158,0.8316342368766996,0.1692689166142512
20260920,xfeat_h,non_stability_e1_e2,pole_guard,0.835095937305789,0.8316036266157362,0.16867897031198076
20260920,xfeat_h,non_stability_e1_e2,pole_guard_plus_clearance,0.8356794524121773,0.8321959678132889,0.16863899550054823
20260920,xfeat_h,non_stability_e1_e2,quantile_curvature,0.8366879479301667,0.8329965699221543,0.16893591158164695
20260921,sp_lg_h,non_stability,clearance_only,0.752093947751052,0.8060378352803971,0.1779895823718784
20260921,sp_lg_h,non_stability,log_curvature,0.8655075200354504,0.8638724678166335,0.1526896799708559
20260921,sp_lg_h,non_stability,no_curvature_plus_clearance,0.8698601685982305,0.8664903548356602,0.15000490504915454
20260921,sp_lg_h,non_stability,pole_guard,0.8656334356229624,0.8638641974331814,0.15271722656676973
20260921,sp_lg_h,non_stability,pole_guard_plus_clearance,0.8699892035304833,0.8665910049078843,0.15000516840564748
20260921,sp_lg_h,non_stability,quantile_curvature,0.8694044105046163,0.8650871248517202,0.149924000942288
20260921,sp_lg_h,non_stability_e1_e2,log_curvature,0.862169735738311,0.8504937962477195,0.15863414052947394
20260921,sp_lg_h,non_stability_e1_e2,no_curvature_plus_clearance,0.8685253638206235,0.8554171088022003,0.15554171632772323
20260921,sp_lg_h,non_stability_e1_e2,pole_guard,0.8621609309463635,0.8509429795361512,0.15861926825870803
20260921,sp_lg_h,non_stability_e1_e2,pole_guard_plus_clearance,0.8681632467409042,0.8556730692833946,0.1555260930363549
20260921,sp_lg_h,non_stability_e1_e2,quantile_curvature,0.8695366897571906,0.8607563096842223,0.15132200186057318
20260921,xfeat_h,non_stability,clearance_only,0.5605668897142806,0.7355034707560539,0.21229170685051507
20260921,xfeat_h,non_stability,log_curvature,0.8392562952351894,0.8350109879177093,0.16576620673011588
20260921,xfeat_h,non_stability,no_curvature_plus_clearance,0.8415930391027868,0.8364546912908051,0.16479974757790417
20260921,xfeat_h,non_stability,pole_guard,0.8392056696589552,0.8350686432286292,0.16571655166481883
20260921,xfeat_h,non_stability,pole_guard_plus_clearance,0.8416009578921538,0.8365225075548351,0.1647252607325676
20260921,xfeat_h,non_stability,quantile_curvature,0.8423943416252748,0.837023329351955,0.16431480598851367
20260921,xfeat_h,non_stability_e1_e2,log_curvature,0.839243333021417,0.8351818721038289,0.1655601170185622
20260921,xfeat_h,non_stability_e1_e2,no_curvature_plus_clearance,0.8408773905827753,0.8366597661767055,0.16471606612964465
20260921,xfeat_h,non_stability_e1_e2,pole_guard,0.8389230964442826,0.8353092067882011,0.16550029233471122
20260921,xfeat_h,non_stability_e1_e2,pole_guard_plus_clearance,0.8408358724183681,0.8366824069764524,0.1646375476131815
20260921,xfeat_h,non_stability_e1_e2,quantile_curvature,0.8419081177843926,0.8372506111762921,0.16427162484987823
20260922,sp_lg_h,non_stability,clearance_only,0.6383073254451636,0.8068024532335625,0.17535766402945457
20260922,sp_lg_h,non_stability,log_curvature,0.8571124159992441,0.8640280198360898,0.14924580058460274
20260922,sp_lg_h,non_stability,no_curvature_plus_clearance,0.8718938233671775,0.8713782648620554,0.14559449529572766
20260922,sp_lg_h,non_stability,pole_guard,0.8585996597743369,0.8659484196222567,0.14893032348060486
20260922,sp_lg_h,non_stability,pole_guard_plus_clearance,0.8718718443464238,0.8713569073560273,0.14561111404354848
20260922,sp_lg_h,non_stability,quantile_curvature,0.8706689634683268,0.8708914410544176,0.14520363438923378
20260922,sp_lg_h,non_stability_e1_e2,log_curvature,0.8667638565610367,0.8669370937012953,0.14802660338735735
20260922,sp_lg_h,non_stability_e1_e2,no_curvature_plus_clearance,0.8687528656537313,0.8683294406529766,0.14628037778581843
20260922,sp_lg_h,non_stability_e1_e2,pole_guard,0.8667554331531254,0.8669291677069553,0.14804082897233556
20260922,sp_lg_h,non_stability_e1_e2,pole_guard_plus_clearance,0.8687588995258597,0.8683504167749685,0.14628800781425258
20260922,sp_lg_h,non_stability_e1_e2,quantile_curvature,0.8693924539469217,0.8697046058838777,0.14588931792394483
20260922,xfeat_h,non_stability,clearance_only,0.5647682548888094,0.7619642613466031,0.19953707101879148
20260922,xfeat_h,non_stability,log_curvature,0.8372852801080727,0.8359263099800482,0.165287084627812
20260922,xfeat_h,non_stability,no_curvature_plus_clearance,0.8409629033341868,0.8419458484905337,0.1623625986530121
20260922,xfeat_h,non_stability,pole_guard,0.8325868855174763,0.8405914449989309,0.16227017747139194
20260922,xfeat_h,non_stability,pole_guard_plus_clearance,0.8409399073720277,0.8418823281754784,0.162365181980497
20260922,xfeat_h,non_stability,quantile_curvature,0.8434237740692251,0.8431122432704291,0.1615653358667165
20260922,xfeat_h,non_stability_e1_e2,log_curvature,0.833912105961476,0.8407593407273444,0.1612873333354406
20260922,xfeat_h,non_stability_e1_e2,no_curvature_plus_clearance,0.8387272970012156,0.8420056299844195,0.16158175693115343
20260922,xfeat_h,non_stability_e1_e2,pole_guard,0.8340409722878546,0.8409889029162244,0.16122479524626088
20260922,xfeat_h,non_stability_e1_e2,pole_guard_plus_clearance,0.8350386605240933,0.8450718466636306,0.15941551840219742
20260922,xfeat_h,non_stability_e1_e2,quantile_curvature,0.8402853957522628,0.8439547213972362,0.16091836811829655
20260923,sp_lg_h,non_stability,clearance_only,0.5993350059202204,0.8085962795279387,0.17485534395216398
20260923,sp_lg_h,non_stability,log_curvature,0.8211693879015388,0.8519130610425268,0.15476173918087172
20260923,sp_lg_h,non_stability,no_curvature_plus_clearance,0.8334962429929904,0.8549222328811609,0.1532133676821671
20260923,sp_lg_h,non_stability,pole_guard,0.8212192920363093,0.8520241638624104,0.15469610502675632
20260923,sp_lg_h,non_stability,pole_guard_plus_clearance,0.8335357939300794,0.8549820284496961,0.15321520154305798
20260923,sp_lg_h,non_stability,quantile_curvature,0.8319548539177586,0.8537745156725701,0.15444614766916157
20260923,sp_lg_h,non_stability_e1_e2,log_curvature,0.8306372223857305,0.8519421430887179,0.1543037107787283
20260923,sp_lg_h,non_stability_e1_e2,no_curvature_plus_clearance,0.8301890054047181,0.850574916901276,0.15573416853404554
20260923,sp_lg_h,non_stability_e1_e2,pole_guard,0.8306036135060946,0.8519764700061997,0.15421945309124593
20260923,sp_lg_h,non_stability_e1_e2,pole_guard_plus_clearance,0.8302330058222296,0.8505740340678589,0.15574394267615968
20260923,sp_lg_h,non_stability_e1_e2,quantile_curvature,0.8336728448552326,0.8521285986499032,0.15498173753608688
20260923,xfeat_h,non_stability,clearance_only,0.5163757891364869,0.7454798423304378,0.20533286081467092
20260923,xfeat_h,non_stability,log_curvature,0.8374717272472487,0.8152636610334639,0.1746567625239239
20260923,xfeat_h,non_stability,no_curvature_plus_clearance,0.8378784993989085,0.8199595562284759,0.17299239033463795
20260923,xfeat_h,non_stability,pole_guard,0.8375057663253017,0.8152743894194062,0.17464909425072442
20260923,xfeat_h,non_stability,pole_guard_plus_clearance,0.837875880478143,0.8199653454217468,0.1730052918421314
20260923,xfeat_h,non_stability,quantile_curvature,0.8380257863212859,0.8214266449230786,0.17257337368715842
20260923,xfeat_h,non_stability_e1_e2,log_curvature,0.8388513281041075,0.8179232850785157,0.17411546100999828
20260923,xfeat_h,non_stability_e1_e2,no_curvature_plus_clearance,0.8350803623411395,0.8182884788109,0.17498905119342995
20260923,xfeat_h,non_stability_e1_e2,pole_guard,0.8365677031697133,0.8137260946212169,0.17616821193101181
20260923,xfeat_h,non_stability_e1_e2,pole_guard_plus_clearance,0.8350658893579623,0.8182711112310874,0.17499815794759815
20260923,xfeat_h,non_stability_e1_e2,quantile_curvature,0.8351330174825107,0.8201979124119726,0.17465064529736263
20260924,sp_lg_h,non_stability,clearance_only,0.5932973639416661,0.7946583632914561,0.18441100963872503
20260924,sp_lg_h,non_stability,log_curvature,0.8408783367473625,0.856797618185313,0.1522973331006516
20260924,sp_lg_h,non_stability,no_curvature_plus_clearance,0.8060964852842902,0.8516720161075871,0.15540778533852592
20260924,sp_lg_h,non_stability,pole_guard,0.8411234113039677,0.8561611911420218,0.15233045853574934
20260924,sp_lg_h,non_stability,pole_guard_plus_clearance,0.8062412282613365,0.8515585308145885,0.15540935835771846
20260924,sp_lg_h,non_stability,quantile_curvature,0.8215774111754718,0.8511230193030616,0.1552775930756956
20260924,sp_lg_h,non_stability_e1_e2,log_curvature,0.8386526385693605,0.854829466427274,0.1525808927158318
20260924,sp_lg_h,non_stability_e1_e2,no_curvature_plus_clearance,0.8343674842860956,0.8586483107901327,0.15119813527129308
20260924,sp_lg_h,non_stability_e1_e2,pole_guard,0.8386651230109905,0.8547196089910644,0.15259337365377745
20260924,sp_lg_h,non_stability_e1_e2,pole_guard_plus_clearance,0.834406498460467,0.8585627324500065,0.15117964094210903
20260924,sp_lg_h,non_stability_e1_e2,quantile_curvature,0.8268095043531029,0.84976685305088,0.1565609130775305
20260924,xfeat_h,non_stability,clearance_only,0.5571480835316504,0.7255350941757251,0.2164609738054819
20260924,xfeat_h,non_stability,log_curvature,0.8464043782942525,0.8342807187310192,0.16439385193614203
20260924,xfeat_h,non_stability,no_curvature_plus_clearance,0.850102933457903,0.8360410493621021,0.16364944015233904
20260924,xfeat_h,non_stability,pole_guard,0.8463512279865086,0.8338889144007233,0.16458978639300836
20260924,xfeat_h,non_stability,pole_guard_plus_clearance,0.8495056196583887,0.8331297969813377,0.1646809690788112
20260924,xfeat_h,non_stability,quantile_curvature,0.8532021409904899,0.8366390916022848,0.16360105094697264
20260924,xfeat_h,non_stability_e1_e2,log_curvature,0.8447752186398214,0.8296271388631385,0.16681815478152773
20260924,xfeat_h,non_stability_e1_e2,no_curvature_plus_clearance,0.8368497577199271,0.8249086382467845,0.16932279041017134
20260924,xfeat_h,non_stability_e1_e2,pole_guard,0.8447895928391451,0.8290507567386141,0.16734579105834313
20260924,xfeat_h,non_stability_e1_e2,pole_guard_plus_clearance,0.8363935623982863,0.8243311754072118,0.1695139581274488
20260924,xfeat_h,non_stability_e1_e2,quantile_curvature,0.8494699073590781,0.8309996470393202,0.166526523527526
20260925,sp_lg_h,non_stability,clearance_only,0.6762030571622738,0.804218666588554,0.1769048662138335
20260925,sp_lg_h,non_stability,log_curvature,0.847005924081418,0.8774551533431064,0.14070836255796831
20260925,sp_lg_h,non_stability,no_curvature_plus_clearance,0.8247880392771347,0.873662331075365,0.141538810639858
20260925,sp_lg_h,non_stability,pole_guard,0.8469367499632936,0.8771047673538346,0.14064549600900172
20260925,sp_lg_h,non_stability,pole_guard_plus_clearance,0.824769916472747,0.8735353261554955,0.14154508777739
20260925,sp_lg_h,non_stability,quantile_curvature,0.8415921779563929,0.8677417642427218,0.14603736574710058
20260925,sp_lg_h,non_stability_e1_e2,log_curvature,0.8475371058793248,0.8770738767266975,0.1412071088845977
20260925,sp_lg_h,non_stability_e1_e2,no_curvature_plus_clearance,0.841301417426268,0.8677114172391798,0.1468332034391479
20260925,sp_lg_h,non_stability_e1_e2,pole_guard,0.8476466982973506,0.8771689826050618,0.1411429723845482
20260925,sp_lg_h,non_stability_e1_e2,pole_guard_plus_clearance,0.8413131861842742,0.8677033634441929,0.14683962284918722
20260925,sp_lg_h,non_stability_e1_e2,quantile_curvature,0.8419505117333768,0.8669560622096488,0.14698871771213118
20260925,xfeat_h,non_stability,clearance_only,0.5302526861906668,0.7396349886573985,0.20593632882984672
20260925,xfeat_h,non_stability,log_curvature,0.8388163072261343,0.8315922896424908,0.1694742445707601
20260925,xfeat_h,non_stability,no_curvature_plus_clearance,0.843716997561675,0.8310597318423009,0.1687099206463855
20260925,xfeat_h,non_stability,pole_guard,0.8388384118363137,0.8314533414557223,0.16944688776232342
20260925,xfeat_h,non_stability,pole_guard_plus_clearance,0.8437438897427973,0.8308220089912965,0.16872939080761973
20260925,xfeat_h,non_stability,quantile_curvature,0.8432209987139028,0.8385892223131318,0.16614851356715143
20260925,xfeat_h,non_stability_e1_e2,log_curvature,0.8405464934884732,0.8255580942336406,0.17263916296208232
20260925,xfeat_h,non_stability_e1_e2,no_curvature_plus_clearance,0.8421611172137369,0.8303988452180412,0.17015812557283821
20260925,xfeat_h,non_stability_e1_e2,pole_guard,0.8385359020709053,0.8246218162762201,0.17315060455202474
20260925,xfeat_h,non_stability_e1_e2,pole_guard_plus_clearance,0.8393306818397596,0.8289369889170888,0.17094467469167995
20260925,xfeat_h,non_stability_e1_e2,quantile_curvature,0.8434780201229148,0.8307136394940409,0.1695094447871095
20260926,sp_lg_h,non_stability,clearance_only,0.8195033395864209,0.8189724782990842,0.1686108578755129
20260926,sp_lg_h,non_stability,log_curvature,0.8479738294790945,0.8643009689918243,0.14991702469659957
20260926,sp_lg_h,non_stability,no_curvature_plus_clearance,0.8413516917793346,0.8616510159160248,0.15154444671453718
20260926,sp_lg_h,non_stability,pole_guard,0.8476927699597706,0.8672273239932606,0.1478020620392872
20260926,sp_lg_h,non_stability,pole_guard_plus_clearance,0.8415680212798768,0.8616596017652848,0.15155062289500618
20260926,sp_lg_h,non_stability,quantile_curvature,0.8510756151507366,0.8583675347191909,0.15126152611292118
20260926,sp_lg_h,non_stability_e1_e2,log_curvature,0.8540121772535383,0.8665074591361557,0.14773770772855913
20260926,sp_lg_h,non_stability_e1_e2,no_curvature_plus_clearance,0.8354845214695626,0.8631556331128685,0.14965332685994723
20260926,sp_lg_h,non_stability_e1_e2,pole_guard,0.8610654310642528,0.8591931106214087,0.15146767118978088
20260926,sp_lg_h,non_stability_e1_e2,pole_guard_plus_clearance,0.8576075890904186,0.8669744206380717,0.14720245022746659
20260926,sp_lg_h,non_stability_e1_e2,quantile_curvature,0.8536176306251009,0.8589364214747348,0.15132249132721168
20260926,xfeat_h,non_stability,clearance_only,0.5908536467513629,0.7672193269744678,0.197888555586679
20260926,xfeat_h,non_stability,log_curvature,0.8431614468842694,0.8341384313874549,0.16572776770509565
20260926,xfeat_h,non_stability,no_curvature_plus_clearance,0.8482470565895719,0.8376228380564922,0.16377758739447962
20260926,xfeat_h,non_stability,pole_guard,0.841908426803917,0.8349796989690083,0.1639807803592506
20260926,xfeat_h,non_stability,pole_guard_plus_clearance,0.8455165181431681,0.8398245144659277,0.162343332633807
20260926,xfeat_h,non_stability,quantile_curvature,0.8478033673037756,0.8367747408678072,0.16397293142303035
20260926,xfeat_h,non_stability_e1_e2,log_curvature,0.8446075523787505,0.837274348378357,0.1631137950447146
20260926,xfeat_h,non_stability_e1_e2,no_curvature_plus_clearance,0.8480213184188315,0.8419821884775432,0.1616259952778341
20260926,xfeat_h,non_stability_e1_e2,pole_guard,0.8445015556630908,0.8373200600322078,0.16310146564115097
20260926,xfeat_h,non_stability_e1_e2,pole_guard_plus_clearance,0.8480933387398796,0.8419967418661826,0.16163052960836316
20260926,xfeat_h,non_stability_e1_e2,quantile_curvature,0.8461395525669955,0.8428755944394853,0.16161003874670274
20260927,sp_lg_h,non_stability,clearance_only,0.731986920875862,0.8148762012647384,0.17197436357303128
20260927,sp_lg_h,non_stability,log_curvature,0.8388892574988395,0.8613579414542899,0.1494007905302734
20260927,sp_lg_h,non_stability,no_curvature_plus_clearance,0.8405985299434353,0.8640556417262552,0.14774840926138622
20260927,sp_lg_h,non_stability,pole_guard,0.8388039562843269,0.8612355047349173,0.149408192558123
20260927,sp_lg_h,non_stability,pole_guard_plus_clearance,0.8406672638219621,0.8641654944540199,0.1477541291467813
20260927,sp_lg_h,non_stability,quantile_curvature,0.840227683944994,0.8638356896154762,0.14730901990404474
20260927,sp_lg_h,non_stability_e1_e2,log_curvature,0.8569528115557974,0.8610709987330752,0.14971571048499305
20260927,sp_lg_h,non_stability_e1_e2,no_curvature_plus_clearance,0.8605297015139544,0.8627966397500183,0.14808759325850665
20260927,sp_lg_h,non_stability_e1_e2,pole_guard,0.8568374923235135,0.8610949082162345,0.14973353492548525
20260927,sp_lg_h,non_stability_e1_e2,pole_guard_plus_clearance,0.8607393214805261,0.8627966397500183,0.1480846657823372
20260927,sp_lg_h,non_stability_e1_e2,quantile_curvature,0.813311505925403,0.8586378045679923,0.15024885697009716
20260927,xfeat_h,non_stability,clearance_only,0.5733377420967516,0.7701118897783484,0.19634225843229935
20260927,xfeat_h,non_stability,log_curvature,0.8584016887143487,0.8523465500127397,0.1569459096327517
20260927,xfeat_h,non_stability,no_curvature_plus_clearance,0.862201782652292,0.8527933621810461,0.15610115683376186
20260927,xfeat_h,non_stability,pole_guard,0.8527503793244873,0.8348300243654124,0.1731087880022208
20260927,xfeat_h,non_stability,pole_guard_plus_clearance,0.8622485487663458,0.8398144889221812,0.17242133394273373
20260927,xfeat_h,non_stability,quantile_curvature,0.8632148432970531,0.8536213340466617,0.15516602655701625
20260927,xfeat_h,non_stability_e1_e2,log_curvature,0.8549220087706516,0.8563222891903521,0.1556814434614603
20260927,xfeat_h,non_stability_e1_e2,no_curvature_plus_clearance,0.8561443487521545,0.8563702049384215,0.15489688916868077
20260927,xfeat_h,non_stability_e1_e2,pole_guard,0.8548731842767685,0.8381213233037036,0.17090413770619337
20260927,xfeat_h,non_stability_e1_e2,pole_guard_plus_clearance,0.8561371375308535,0.8403989169751594,0.17065504380637722
20260927,xfeat_h,non_stability_e1_e2,quantile_curvature,0.852739027714166,0.8522115343422564,0.15691739050697937
