seed,pipeline,fold,target_precision,tau,test_cases,test_failures,test_flagged,test_flagged_failures,test_flagged_groups,test_crossings
20260907,xfeat_h,0,0.9,3.704802953806727,95,55,22,18,11,0
20260907,xfeat_h,0,0.95,2.5600475709213653,95,55,14,11,8,0
20260907,xfeat_h,0,1.0,1.7723327988686213,95,55,7,6,4,0
20260907,xfeat_h,1,0.9,3.170318251599294,132,90,31,29,8,0
20260907,xfeat_h,1,0.95,2.4838220230026757,132,90,24,22,7,0
20260907,xfeat_h,1,1.0,0.8975385857912902,132,90,3,3,1,0
20260907,xfeat_h,2,0.9,3.769526384249341,65,19,9,6,5,0
20260907,xfeat_h,2,0.95,1.9914461108329333,65,19,2,2,2,0
20260907,xfeat_h,2,1.0,0.8975385857912902,65,19,0,0,0,0
20260907,xfeat_h,3,0.9,3.4463687871391753,83,48,22,20,8,0
20260907,xfeat_h,3,0.95,1.9278585408261943,83,48,11,11,6,0
20260907,xfeat_h,3,1.0,0.8975385857912902,83,48,3,3,2,0
20260907,xfeat_h,4,0.9,3.175488515318355,250,130,42,39,8,2
20260907,xfeat_h,4,0.95,1.7723327988686213,250,130,18,18,6,2
20260907,xfeat_h,4,1.0,0.8975385857912902,250,130,9,9,3,2
20260907,sp_lg_h,0,0.9,4.097981110953691,95,43,23,19,11,0
20260907,sp_lg_h,0,0.95,2.848388256699878,95,43,11,11,7,0
20260907,sp_lg_h,0,1.0,2.235271733599013,95,43,10,10,6,0
20260907,sp_lg_h,1,0.9,3.726939580098064,132,75,32,30,9,2
20260907,sp_lg_h,1,0.95,2.934093078880109,132,75,24,23,9,2
20260907,sp_lg_h,1,1.0,2.235271733599013,132,75,15,15,5,2
20260907,sp_lg_h,2,0.9,4.097981110953691,65,13,6,4,2,0
20260907,sp_lg_h,2,0.95,3.1828578264249554,65,13,5,3,2,0
20260907,sp_lg_h,2,1.0,2.235271733599013,65,13,2,2,1,0
20260907,sp_lg_h,3,0.9,3.928173048901129,83,40,24,21,8,1
20260907,sp_lg_h,3,0.95,2.9162497577446724,83,40,15,14,6,1
20260907,sp_lg_h,3,1.0,2.235271733599013,83,40,10,10,5,1
20260907,sp_lg_h,4,0.9,3.4468706150283213,250,114,61,58,10,7
20260907,sp_lg_h,4,0.95,2.848388256699878,250,114,52,50,8,7
20260907,sp_lg_h,4,1.0,2.39672468596452,250,114,44,43,8,7
20260908,xfeat_h,0,0.9,3.6502121382501684,139,65,24,21,7,0
20260908,xfeat_h,0,0.95,1.9728571823425987,139,65,6,6,3,0
20260908,xfeat_h,0,1.0,0.8975385857912902,139,65,3,3,2,0
20260908,xfeat_h,1,0.9,3.1774733883078903,98,58,28,26,12,0
20260908,xfeat_h,1,0.95,2.4838220230026757,98,58,24,22,11,0
20260908,xfeat_h,1,1.0,0.8975385857912902,98,58,3,3,2,0
20260908,xfeat_h,2,0.9,2.5600475709213653,171,84,22,22,4,0
20260908,xfeat_h,2,0.95,1.918880429529043,171,84,18,18,4,0
20260908,xfeat_h,2,1.0,0.8945412875189303,171,84,5,5,2,0
20260908,xfeat_h,3,0.9,3.769526384249341,152,99,49,42,9,2
20260908,xfeat_h,3,0.95,2.5092355315694244,152,99,27,24,8,2
20260908,xfeat_h,3,1.0,1.9278585408261943,152,99,18,16,5,2
20260908,xfeat_h,4,0.9,3.704802953806727,65,36,13,10,8,0
20260908,xfeat_h,4,0.95,1.9914461108329333,65,36,5,5,4,0
20260908,xfeat_h,4,1.0,0.8975385857912902,65,36,1,1,1,0
20260908,sp_lg_h,0,0.9,4.097981110953691,139,51,30,25,10,1
20260908,sp_lg_h,0,0.95,3.1828578264249554,139,51,16,14,6,1
20260908,sp_lg_h,0,1.0,2.565920775392643,139,51,9,8,4,1
20260908,sp_lg_h,1,0.9,4.244615696084238,98,48,29,23,11,0
20260908,sp_lg_h,1,0.95,3.2147578986733087,98,48,21,18,9,0
20260908,sp_lg_h,1,1.0,2.235271733599013,98,48,11,11,6,0
20260908,sp_lg_h,2,0.9,3.928173048901129,171,67,28,25,7,2
20260908,sp_lg_h,2,0.95,2.7916426190439503,171,67,14,14,4,2
20260908,sp_lg_h,2,1.0,2.235271733599013,171,67,13,13,4,2
20260908,sp_lg_h,3,0.9,3.2147578986733087,152,88,51,50,9,7
20260908,sp_lg_h,3,0.95,2.735662480831462,152,88,46,45,9,7
20260908,sp_lg_h,3,1.0,2.169792076740869,152,88,36,36,5,7
20260908,sp_lg_h,4,0.9,3.8621424553584722,65,31,14,13,5,0
20260908,sp_lg_h,4,0.95,2.848388256699878,65,31,9,9,5,0
20260908,sp_lg_h,4,1.0,2.235271733599013,65,31,9,9,5,0
20260909,xfeat_h,0,0.9,2.273287319459553,213,139,38,38,8,2
20260909,xfeat_h,0,0.95,1.7723327988686213,213,139,28,28,6,2
20260909,xfeat_h,0,1.0,0.8975385857912902,213,139,11,11,4,2
20260909,xfeat_h,1,0.9,3.1774733883078903,73,47,17,16,7,0
20260909,xfeat_h,1,0.95,2.3407978294579195,73,47,11,10,7,0
20260909,xfeat_h,1,1.0,0.8975385857912902,73,47,2,2,1,0
20260909,xfeat_h,2,0.9,3.5398515073389487,98,59,23,20,9,0
20260909,xfeat_h,2,0.95,1.9914461108329333,98,59,6,6,4,0
20260909,xfeat_h,2,1.0,0.8975385857912902,98,59,3,3,2,0
20260909,xfeat_h,3,0.9,4.979145227995076,128,54,39,25,7,0
20260909,xfeat_h,3,0.95,2.9832170236996913,128,54,20,15,6,0
20260909,xfeat_h,3,1.0,0.8975385857912902,128,54,2,2,1,0
20260909,xfeat_h,4,0.9,3.704802953806727,113,43,20,17,9,0
20260909,xfeat_h,4,0.95,2.5092355315694244,113,43,12,10,6,0
20260909,xfeat_h,4,1.0,1.7656918217205684,113,43,5,4,3,0
20260909,sp_lg_h,0,0.9,3.2147578986733087,213,120,59,57,11,8
20260909,sp_lg_h,0,0.95,2.5905687974109917,213,120,48,48,9,8
20260909,sp_lg_h,0,1.0,2.1368689919303523,213,120,39,39,8,8
20260909,sp_lg_h,1,0.9,3.726939580098064,73,39,18,17,8,0
20260909,sp_lg_h,1,0.95,2.848388256699878,73,39,11,11,6,0
20260909,sp_lg_h,1,1.0,2.235271733599013,73,39,8,8,5,0
20260909,sp_lg_h,2,0.9,4.33355242182268,98,46,34,26,10,2
20260909,sp_lg_h,2,0.95,3.4521654015547774,98,46,26,21,10,2
20260909,sp_lg_h,2,1.0,2.235271733599013,98,46,12,12,5,2
20260909,sp_lg_h,3,0.9,4.134021855760602,128,45,24,19,6,0
20260909,sp_lg_h,3,0.95,3.1828578264249554,128,45,13,11,3,0
20260909,sp_lg_h,3,1.0,2.565920775392643,128,45,7,6,2,0
20260909,sp_lg_h,4,0.9,4.022879429281022,113,35,17,14,8,0
20260909,sp_lg_h,4,0.95,3.0746654150634996,113,35,11,10,6,0
20260909,sp_lg_h,4,1.0,2.235271733599013,113,35,9,9,4,0
20260910,xfeat_h,0,0.9,3.6445345048387936,140,88,40,35,11,2
20260910,xfeat_h,0,0.95,2.5092355315694244,140,88,28,25,8,2
20260910,xfeat_h,0,1.0,1.9278585408261943,140,88,21,19,7,2
20260910,xfeat_h,1,0.9,4.289890871724849,141,60,37,29,8,0
20260910,xfeat_h,1,0.95,2.3407978294579195,141,60,14,13,7,0
20260910,xfeat_h,1,1.0,0.8975385857912902,141,60,2,2,1,0
20260910,xfeat_h,2,0.9,3.704802953806727,88,47,19,16,8,0
20260910,xfeat_h,2,0.95,2.500910909140698,88,47,9,7,5,0
20260910,xfeat_h,2,1.0,0.8945412875189303,88,47,1,1,1,0
20260910,xfeat_h,3,0.9,3.175488515318355,82,53,18,18,7,0
20260910,xfeat_h,3,0.95,1.9278585408261943,82,53,10,10,5,0
20260910,xfeat_h,3,1.0,0.8975385857912902,82,53,3,3,2,0
20260910,xfeat_h,4,0.9,2.5600475709213653,174,94,23,23,6,0
20260910,xfeat_h,4,0.95,1.918880429529043,174,94,15,15,4,0
20260910,xfeat_h,4,1.0,0.8975385857912902,174,94,3,3,1,0
20260910,sp_lg_h,0,0.9,3.453554779376825,140,83,49,46,9,5
20260910,sp_lg_h,0,0.95,2.735662480831462,140,83,37,37,8,5
20260910,sp_lg_h,0,1.0,2.169792076740869,140,83,32,32,6,5
20260910,sp_lg_h,1,0.9,4.134021855760602,141,44,30,24,10,0
20260910,sp_lg_h,1,0.95,3.2147578986733087,141,44,18,15,6,0
20260910,sp_lg_h,1,1.0,2.565920775392643,141,44,7,6,3,0
20260910,sp_lg_h,2,0.9,4.097981110953691,88,35,14,11,6,1
20260910,sp_lg_h,2,0.95,3.0746654150634996,88,35,7,6,5,1
20260910,sp_lg_h,2,1.0,2.235271733599013,88,35,3,3,3,1
20260910,sp_lg_h,3,0.9,4.097981110953691,82,44,30,25,10,0
20260910,sp_lg_h,3,0.95,3.0746654150634996,82,44,22,20,8,0
20260910,sp_lg_h,3,1.0,2.235271733599013,82,44,15,15,7,0
20260910,sp_lg_h,4,0.9,3.4521654015547774,174,79,29,29,8,4
20260910,sp_lg_h,4,0.95,2.735662480831462,174,79,24,24,6,4
20260910,sp_lg_h,4,1.0,2.235271733599013,174,79,20,20,5,4
20260911,xfeat_h,0,0.9,3.704802953806727,174,64,28,24,7,0
20260911,xfeat_h,0,0.95,2.3407978294579195,174,64,13,12,4,0
20260911,xfeat_h,0,1.0,0.8975385857912902,174,64,2,2,1,0
20260911,xfeat_h,1,0.9,3.457381264609472,97,63,19,17,10,0
20260911,xfeat_h,1,0.95,2.3407978294579195,97,63,10,9,7,0
20260911,xfeat_h,1,1.0,0.8975385857912902,97,63,4,4,3,0
20260911,xfeat_h,2,0.9,3.457381264609472,81,37,12,11,7,0
20260911,xfeat_h,2,0.95,1.9914461108329333,81,37,8,8,5,0
20260911,xfeat_h,2,1.0,0.8945412875189303,81,37,1,1,1,0
20260911,xfeat_h,3,0.9,3.4463687871391753,134,88,38,34,10,0
20260911,xfeat_h,3,0.95,2.5092355315694244,134,88,28,25,9,0
20260911,xfeat_h,3,1.0,1.918880429529043,134,88,22,20,7,0
20260911,xfeat_h,4,0.9,3.175488515318355,139,90,32,30,8,2
20260911,xfeat_h,4,0.95,1.9278585408261943,139,90,18,18,4,2
20260911,xfeat_h,4,1.0,0.8975385857912902,139,90,6,6,1,2
20260911,sp_lg_h,0,0.9,4.312531826216522,174,41,31,24,8,0
20260911,sp_lg_h,0,0.95,3.308079318235276,174,41,17,13,6,0
20260911,sp_lg_h,0,1.0,2.5905687974109917,174,41,9,7,5,0
20260911,sp_lg_h,1,0.9,4.074078970737429,97,54,25,21,9,2
20260911,sp_lg_h,1,0.95,2.848388256699878,97,54,18,18,8,2
20260911,sp_lg_h,1,1.0,2.235271733599013,97,54,17,17,8,2
20260911,sp_lg_h,2,0.9,3.8621424553584722,81,24,15,14,8,1
20260911,sp_lg_h,2,0.95,2.848388256699878,81,24,10,10,6,1
20260911,sp_lg_h,2,1.0,2.235271733599013,81,24,7,7,4,1
20260911,sp_lg_h,3,0.9,4.097981110953691,134,81,45,39,11,2
20260911,sp_lg_h,3,0.95,2.9162497577446724,134,81,27,26,8,2
20260911,sp_lg_h,3,1.0,2.235271733599013,134,81,19,19,5,2
20260911,sp_lg_h,4,0.9,3.2957897257967814,139,85,42,41,7,5
20260911,sp_lg_h,4,0.95,2.735662480831462,139,85,34,34,5,5
20260911,sp_lg_h,4,1.0,2.169792076740869,139,85,27,27,4,5
20260912,xfeat_h,0,0.9,2.4691173223755665,159,103,32,32,11,2
20260912,xfeat_h,0,0.95,1.7723327988686213,159,103,19,19,7,2
20260912,xfeat_h,0,1.0,0.8975385857912902,159,103,10,10,4,2
20260912,xfeat_h,1,0.9,3.704802953806727,59,30,9,7,6,0
20260912,xfeat_h,1,0.95,1.9914461108329333,59,30,2,2,2,0
20260912,xfeat_h,1,1.0,0.8975385857912902,59,30,0,0,0,0
20260912,xfeat_h,2,0.9,4.414810808637236,176,52,32,23,6,0
20260912,xfeat_h,2,0.95,3.175488515318355,176,52,22,16,5,0
20260912,xfeat_h,2,1.0,0.8945412875189303,176,52,2,2,1,0
20260912,xfeat_h,3,0.9,3.1523196692446924,132,95,36,34,9,0
20260912,xfeat_h,3,0.95,1.9914461108329333,132,95,27,26,8,0
20260912,xfeat_h,3,1.0,0.8975385857912902,132,95,5,5,2,0
20260912,xfeat_h,4,0.9,3.457381264609472,99,62,20,18,10,0
20260912,xfeat_h,4,0.95,2.500910909140698,99,62,8,6,6,0
20260912,xfeat_h,4,1.0,1.7723327988686213,99,62,3,2,3,0
20260912,sp_lg_h,0,0.9,3.453554779376825,159,88,53,50,11,5
20260912,sp_lg_h,0,0.95,2.5905687974109917,159,88,39,39,10,5
20260912,sp_lg_h,0,1.0,2.169792076740869,159,88,34,34,9,5
20260912,sp_lg_h,1,0.9,3.726939580098064,59,25,8,8,4,0
20260912,sp_lg_h,1,0.95,2.934093078880109,59,25,6,6,3,0
20260912,sp_lg_h,1,1.0,2.235271733599013,59,25,5,5,2,0
20260912,sp_lg_h,2,0.9,4.097981110953691,176,39,24,20,6,0
20260912,sp_lg_h,2,0.95,3.1407092699460524,176,39,13,11,5,0
20260912,sp_lg_h,2,1.0,2.565920775392643,176,39,6,5,2,0
20260912,sp_lg_h,3,0.9,4.244615696084238,132,80,46,38,10,3
20260912,sp_lg_h,3,0.95,2.865407917808239,132,80,26,25,6,3
20260912,sp_lg_h,3,1.0,2.235271733599013,132,80,17,17,5,3
20260912,sp_lg_h,4,0.9,3.928173048901129,99,53,24,21,11,2
20260912,sp_lg_h,4,0.95,3.2147578986733087,99,53,20,17,9,2
20260912,sp_lg_h,4,1.0,2.235271733599013,99,53,15,15,6,2
20260913,xfeat_h,0,0.9,3.1774733883078903,62,32,10,10,5,0
20260913,xfeat_h,0,0.95,1.9914461108329333,62,32,5,5,4,0
20260913,xfeat_h,0,1.0,0.8975385857912902,62,32,2,2,1,0
20260913,xfeat_h,1,0.9,1.9914461108329333,233,141,38,38,7,2
20260913,xfeat_h,1,0.95,1.7319332221827592,233,141,29,29,5,2
20260913,xfeat_h,1,1.0,0.8975385857912902,233,141,11,11,3,2
20260913,xfeat_h,2,0.9,5.336731331747008,160,76,61,42,11,0
20260913,xfeat_h,2,0.95,2.9274313548706745,160,76,25,20,9,0
20260913,xfeat_h,2,1.0,0.8975385857912902,160,76,4,4,3,0
20260913,xfeat_h,3,0.9,3.1774733883078903,116,65,22,20,11,0
20260913,xfeat_h,3,0.95,2.4838220230026757,116,65,14,12,9,0
20260913,xfeat_h,3,1.0,1.7723327988686213,116,65,8,7,6,0
20260913,xfeat_h,4,0.9,3.769526384249341,54,28,10,7,7,0
20260913,xfeat_h,4,0.95,2.4838220230026757,54,28,5,4,3,0
20260913,xfeat_h,4,1.0,0.8975385857912902,54,28,1,1,1,0
20260913,sp_lg_h,0,0.9,4.097981110953691,62,24,14,11,8,0
20260913,sp_lg_h,0,0.95,2.934093078880109,62,24,5,5,5,0
20260913,sp_lg_h,0,1.0,2.235271733599013,62,24,3,3,3,0
20260913,sp_lg_h,1,0.9,2.9162497577446724,233,130,53,53,7,7
20260913,sp_lg_h,1,0.95,2.5905687974109917,233,130,48,48,7,7
20260913,sp_lg_h,1,1.0,2.1368689919303523,233,130,39,39,6,7
20260913,sp_lg_h,2,0.9,4.408413234885965,160,54,45,33,11,0
20260913,sp_lg_h,2,0.95,3.812441215861049,160,54,37,27,9,0
20260913,sp_lg_h,2,1.0,2.565920775392643,160,54,15,14,8,0
20260913,sp_lg_h,3,0.9,3.621398743770885,116,48,22,21,8,3
20260913,sp_lg_h,3,0.95,2.934093078880109,116,48,21,20,8,3
20260913,sp_lg_h,3,1.0,2.235271733599013,116,48,15,15,6,3
20260913,sp_lg_h,4,0.9,4.097981110953691,54,29,12,9,8,0
20260913,sp_lg_h,4,0.95,2.934093078880109,54,29,5,5,3,0
20260913,sp_lg_h,4,1.0,2.235271733599013,54,29,5,5,3,0
20260914,xfeat_h,0,0.9,2.9832170236996913,129,87,30,29,9,0
20260914,xfeat_h,0,0.95,1.918880429529043,129,87,19,19,7,0
20260914,xfeat_h,0,1.0,0.8975385857912902,129,87,6,6,3,0
20260914,xfeat_h,1,0.9,4.979145227995076,141,65,46,31,8,0
20260914,xfeat_h,1,0.95,2.3407978294579195,141,65,13,12,6,0
20260914,xfeat_h,1,1.0,0.8975385857912902,141,65,3,3,2,0
20260914,xfeat_h,2,0.9,3.704802953806727,90,43,20,17,10,0
20260914,xfeat_h,2,0.95,2.4838220230026757,90,43,7,6,5,0
20260914,xfeat_h,2,1.0,1.7723327988686213,90,43,5,4,3,0
20260914,xfeat_h,3,0.9,3.769526384249341,100,37,18,14,6,0
20260914,xfeat_h,3,0.95,2.5092355315694244,100,37,11,9,6,0
20260914,xfeat_h,3,1.0,0.8975385857912902,100,37,1,1,1,0
20260914,xfeat_h,4,0.9,2.5600475709213653,165,110,32,31,7,2
20260914,xfeat_h,4,0.95,1.9914461108329333,165,110,25,24,7,2
20260914,xfeat_h,4,1.0,0.8975385857912902,165,110,8,8,2,2
20260914,sp_lg_h,0,0.9,3.928173048901129,129,70,34,30,10,2
20260914,sp_lg_h,0,0.95,2.8072821652385485,129,70,18,18,7,2
20260914,sp_lg_h,0,1.0,2.235271733599013,129,70,16,16,6,2
20260914,sp_lg_h,1,0.9,4.039808750155282,141,55,28,24,7,0
20260914,sp_lg_h,1,0.95,3.1828578264249554,141,55,16,14,4,0
20260914,sp_lg_h,1,1.0,2.565920775392643,141,55,10,9,3,0
20260914,sp_lg_h,2,0.9,4.039808750155282,90,33,17,14,10,0
20260914,sp_lg_h,2,0.95,2.848388256699878,90,33,9,9,7,0
20260914,sp_lg_h,2,1.0,2.235271733599013,90,33,8,8,6,0
20260914,sp_lg_h,3,0.9,4.312531826216522,100,25,19,13,8,0
20260914,sp_lg_h,3,0.95,3.4521654015547774,100,25,14,10,7,0
20260914,sp_lg_h,3,1.0,2.235271733599013,100,25,4,4,2,0
20260914,sp_lg_h,4,0.9,2.9162497577446724,165,102,52,52,8,8
20260914,sp_lg_h,4,0.95,2.5855878599681836,165,102,44,44,7,8
20260914,sp_lg_h,4,1.0,2.169792076740869,165,102,39,39,7,8
20260915,xfeat_h,0,0.9,3.769526384249341,73,40,18,14,6,0
20260915,xfeat_h,0,0.95,2.5092355315694244,73,40,7,5,4,0
20260915,xfeat_h,0,1.0,0.8975385857912902,73,40,0,0,0,0
20260915,xfeat_h,1,0.9,5.112367714241926,154,72,57,40,11,0
20260915,xfeat_h,1,0.95,2.9832170236996913,154,72,24,19,9,0
20260915,xfeat_h,1,1.0,0.8975385857912902,154,72,3,3,2,0
20260915,xfeat_h,2,0.9,2.5600475709213653,135,92,23,23,7,0
20260915,xfeat_h,2,0.95,1.918880429529043,135,92,16,16,4,0
20260915,xfeat_h,2,1.0,0.8975385857912902,135,92,3,3,1,0
20260915,xfeat_h,3,0.9,3.1774733883078903,118,41,16,15,8,0
20260915,xfeat_h,3,0.95,2.3407978294579195,118,41,12,11,7,0
20260915,xfeat_h,3,1.0,1.7723327988686213,118,41,10,9,7,0
20260915,xfeat_h,4,0.9,2.550653237506577,145,97,34,33,8,2
20260915,xfeat_h,4,0.95,1.6820231091077982,145,97,17,17,5,2
20260915,xfeat_h,4,1.0,0.8975385857912902,145,97,8,8,2,2
20260915,sp_lg_h,0,0.9,3.8621424553584722,73,31,14,13,6,2
20260915,sp_lg_h,0,0.95,2.934093078880109,73,31,13,12,6,2
20260915,sp_lg_h,0,1.0,2.235271733599013,73,31,10,10,4,2
20260915,sp_lg_h,1,0.9,4.097981110953691,154,53,31,26,9,0
20260915,sp_lg_h,1,0.95,3.2147578986733087,154,53,20,17,7,0
20260915,sp_lg_h,1,1.0,2.565920775392643,154,53,11,10,4,0
20260915,sp_lg_h,2,0.9,3.4521654015547774,135,75,26,26,8,2
20260915,sp_lg_h,2,0.95,2.8072821652385485,135,75,20,20,6,2
20260915,sp_lg_h,2,1.0,2.235271733599013,135,75,15,15,5,2
20260915,sp_lg_h,3,0.9,4.142612207323948,118,35,25,20,11,1
20260915,sp_lg_h,3,0.95,3.1947989785163364,118,35,18,15,9,1
20260915,sp_lg_h,3,1.0,2.235271733599013,118,35,11,11,7,1
20260915,sp_lg_h,4,0.9,3.4088983163034325,145,91,49,47,8,5
20260915,sp_lg_h,4,0.95,2.848388256699878,145,91,40,39,6,5
20260915,sp_lg_h,4,1.0,2.169792076740869,145,91,30,30,4,5
20260916,xfeat_h,0,0.9,3.5839857344323116,79,51,17,15,7,0
20260916,xfeat_h,0,0.95,2.4838220230026757,79,51,7,6,5,0
20260916,xfeat_h,0,1.0,1.7656918217205684,79,51,3,2,3,0
20260916,xfeat_h,1,0.9,4.289890871724849,158,78,43,34,11,0
20260916,xfeat_h,1,0.95,2.9832170236996913,158,78,24,19,9,0
20260916,xfeat_h,1,1.0,0.8975385857912902,158,78,4,4,3,0
20260916,xfeat_h,2,0.9,3.175488515318355,90,49,22,21,9,0
20260916,xfeat_h,2,0.95,2.3407978294579195,90,49,16,15,7,0
20260916,xfeat_h,2,1.0,0.8975385857912902,90,49,4,4,2,0
20260916,xfeat_h,3,0.9,2.9832170236996913,175,93,28,27,8,0
20260916,xfeat_h,3,0.95,1.9914461108329333,175,93,21,20,7,0
20260916,xfeat_h,3,1.0,0.8945412875189303,175,93,3,3,1,0
20260916,xfeat_h,4,0.9,3.6445345048387936,123,71,34,30,6,2
20260916,xfeat_h,4,0.95,1.9278585408261943,123,71,16,16,3,2
20260916,xfeat_h,4,1.0,0.8975385857912902,123,71,6,6,1,2
20260916,sp_lg_h,0,0.9,3.8621424553584722,79,45,19,17,9,0
20260916,sp_lg_h,0,0.95,2.848388256699878,79,45,12,12,5,0
20260916,sp_lg_h,0,1.0,2.235271733599013,79,45,10,10,5,0
20260916,sp_lg_h,1,0.9,4.134021855760602,158,61,32,26,9,0
20260916,sp_lg_h,1,0.95,3.308079318235276,158,61,22,18,8,0
20260916,sp_lg_h,1,1.0,2.5905687974109917,158,61,15,13,8,0
20260916,sp_lg_h,2,0.9,4.097981110953691,90,40,25,21,10,0
20260916,sp_lg_h,2,0.95,3.1828578264249554,90,40,17,15,8,0
20260916,sp_lg_h,2,1.0,2.235271733599013,90,40,10,10,6,0
20260916,sp_lg_h,3,0.9,3.4521654015547774,175,71,27,27,6,4
20260916,sp_lg_h,3,0.95,2.7916426190439503,175,71,22,22,5,4
20260916,sp_lg_h,3,1.0,2.235271733599013,175,71,19,19,4,4
20260916,sp_lg_h,4,0.9,3.453554779376825,123,68,43,41,5,6
20260916,sp_lg_h,4,0.95,2.848388256699878,123,68,35,34,5,6
20260916,sp_lg_h,4,1.0,2.169792076740869,123,68,26,26,3,6
20260917,xfeat_h,0,0.9,3.6445345048387936,136,87,34,30,10,2
20260917,xfeat_h,0,0.95,2.3407978294579195,136,87,19,18,4,2
20260917,xfeat_h,0,1.0,0.8975385857912902,136,87,7,7,2,2
20260917,xfeat_h,1,0.9,3.5839857344323116,160,86,38,34,9,0
20260917,xfeat_h,1,0.95,1.9728571823425987,160,86,18,17,8,0
20260917,xfeat_h,1,1.0,0.8516879511037608,160,86,5,5,3,0
20260917,xfeat_h,2,0.9,4.289890871724849,125,48,28,21,10,0
20260917,xfeat_h,2,0.95,2.5600475709213653,125,48,16,13,8,0
20260917,xfeat_h,2,1.0,1.7723327988686213,125,48,4,3,4,0
20260917,xfeat_h,3,0.9,2.5600475709213653,116,71,22,22,7,0
20260917,xfeat_h,3,0.95,1.918880429529043,116,71,18,18,6,0
20260917,xfeat_h,3,1.0,0.8975385857912902,116,71,5,5,3,0
20260917,xfeat_h,4,0.9,3.548488816572452,88,50,15,13,6,0
20260917,xfeat_h,4,0.95,2.4838220230026757,88,50,7,6,5,0
20260917,xfeat_h,4,1.0,0.8975385857912902,88,50,0,0,0,0
20260917,sp_lg_h,0,0.9,3.4468706150283213,136,84,48,46,9,5
20260917,sp_lg_h,0,0.95,2.735662480831462,136,84,36,36,6,5
20260917,sp_lg_h,0,1.0,2.169792076740869,136,84,31,31,4,5
20260917,sp_lg_h,1,0.9,4.097981110953691,160,61,38,32,9,0
20260917,sp_lg_h,1,0.95,3.1407092699460524,160,61,24,21,9,0
20260917,sp_lg_h,1,1.0,2.565920775392643,160,61,15,14,7,0
20260917,sp_lg_h,2,0.9,4.142612207323948,125,37,17,13,9,0
20260917,sp_lg_h,2,0.95,3.1828578264249554,125,37,12,10,7,0
20260917,sp_lg_h,2,1.0,2.235271733599013,125,37,7,7,5,0
20260917,sp_lg_h,3,0.9,3.453554779376825,116,60,23,23,6,3
20260917,sp_lg_h,3,0.95,2.8072821652385485,116,60,18,18,6,3
20260917,sp_lg_h,3,1.0,2.235271733599013,116,60,15,15,5,3
20260917,sp_lg_h,4,0.9,4.074078970737429,88,43,24,20,7,2
20260917,sp_lg_h,4,0.95,2.934093078880109,88,43,16,15,5,2
20260917,sp_lg_h,4,1.0,2.235271733599013,88,43,10,10,3,2
20260918,xfeat_h,0,0.9,3.704802953806727,150,80,36,31,9,0
20260918,xfeat_h,0,0.95,2.3407978294579195,150,80,20,19,6,0
20260918,xfeat_h,0,1.0,1.7723327988686213,150,80,11,10,5,0
20260918,xfeat_h,1,0.9,3.704802953806727,158,73,29,25,9,0
20260918,xfeat_h,1,0.95,2.4838220230026757,158,73,22,20,6,0
20260918,xfeat_h,1,1.0,0.8975385857912902,158,73,4,4,2,0
20260918,xfeat_h,2,0.9,3.5839857344323116,136,83,37,33,8,2
20260918,xfeat_h,2,0.95,1.9278585408261943,136,83,19,19,5,2
20260918,xfeat_h,2,1.0,0.8975385857912902,136,83,7,7,2,2
20260918,xfeat_h,3,0.9,3.769526384249341,88,53,21,17,8,0
20260918,xfeat_h,3,0.95,2.5092355315694244,88,53,8,6,6,0
20260918,xfeat_h,3,1.0,0.8975385857912902,88,53,0,0,0,0
20260918,xfeat_h,4,0.9,3.175488515318355,93,53,17,17,8,0
20260918,xfeat_h,4,0.95,1.9278585408261943,93,53,10,10,6,0
20260918,xfeat_h,4,1.0,0.8945412875189303,93,53,3,3,2,0
20260918,sp_lg_h,0,0.9,3.996261784059785,150,64,36,31,8,0
20260918,sp_lg_h,0,0.95,3.0746654150634996,150,64,26,24,7,0
20260918,sp_lg_h,0,1.0,2.565920775392643,150,64,18,17,6,0
20260918,sp_lg_h,1,0.9,4.039808750155282,158,64,32,28,8,2
20260918,sp_lg_h,1,0.95,3.1828578264249554,158,64,25,22,7,2
20260918,sp_lg_h,1,1.0,2.235271733599013,158,64,15,15,4,2
20260918,sp_lg_h,2,0.9,3.4468706150283213,136,72,45,43,7,6
20260918,sp_lg_h,2,0.95,2.848388256699878,136,72,37,36,7,6
20260918,sp_lg_h,2,1.0,2.169792076740869,136,72,28,28,5,6
20260918,sp_lg_h,3,0.9,4.039808750155282,88,45,22,19,10,2
20260918,sp_lg_h,3,0.95,2.848388256699878,88,45,13,13,4,2
20260918,sp_lg_h,3,1.0,2.235271733599013,88,45,11,11,3,2
20260918,sp_lg_h,4,0.9,3.928173048901129,93,40,16,14,9,0
20260918,sp_lg_h,4,0.95,2.848388256699878,93,40,9,9,7,0
20260918,sp_lg_h,4,1.0,2.235271733599013,93,40,6,6,6,0
20260919,xfeat_h,0,0.9,3.457381264609472,95,57,20,18,11,0
20260919,xfeat_h,0,0.95,1.9914461108329333,95,57,6,6,5,0
20260919,xfeat_h,0,1.0,0.8975385857912902,95,57,2,2,2,0
20260919,xfeat_h,1,0.9,5.112367714241926,167,57,53,36,12,0
20260919,xfeat_h,1,0.95,3.4212661163545977,167,57,30,22,10,0
20260919,xfeat_h,1,1.0,0.8975385857912902,167,57,2,2,1,0
20260919,xfeat_h,2,0.9,3.175488515318355,152,90,28,27,5,2
20260919,xfeat_h,2,0.95,1.9914461108329333,152,90,20,19,5,2
20260919,xfeat_h,2,1.0,0.8945412875189303,152,90,6,6,1,2
20260919,xfeat_h,3,0.9,3.457381264609472,70,43,13,12,8,0
20260919,xfeat_h,3,0.95,2.4838220230026757,70,43,7,6,6,0
20260919,xfeat_h,3,1.0,1.7656918217205684,70,43,5,4,4,0
20260919,xfeat_h,4,0.9,2.5600475709213653,141,95,36,35,8,0
20260919,xfeat_h,4,0.95,1.7723327988686213,141,95,22,22,6,0
20260919,xfeat_h,4,1.0,0.8975385857912902,141,95,7,7,3,0
20260919,sp_lg_h,0,0.9,3.453554779376825,95,49,18,18,6,2
20260919,sp_lg_h,0,0.95,2.848388256699878,95,49,16,16,6,2
20260919,sp_lg_h,0,1.0,2.235271733599013,95,49,14,14,5,2
20260919,sp_lg_h,1,0.9,4.37087445556459,167,44,33,24,8,1
20260919,sp_lg_h,1,0.95,3.308079318235276,167,44,19,15,6,1
20260919,sp_lg_h,1,1.0,2.565920775392643,167,44,9,8,4,1
20260919,sp_lg_h,2,0.9,3.453554779376825,152,77,43,41,7,5
20260919,sp_lg_h,2,0.95,2.735662480831462,152,77,31,31,5,5
20260919,sp_lg_h,2,1.0,2.169792076740869,152,77,28,28,5,5
20260919,sp_lg_h,3,0.9,4.097981110953691,70,37,21,17,11,0
20260919,sp_lg_h,3,0.95,2.848388256699878,70,37,13,13,8,0
20260919,sp_lg_h,3,1.0,2.235271733599013,70,37,11,11,6,0
20260919,sp_lg_h,4,0.9,4.022879429281022,141,78,42,37,10,2
20260919,sp_lg_h,4,0.95,2.865407917808239,141,78,26,25,7,2
20260919,sp_lg_h,4,1.0,2.235271733599013,141,78,17,17,5,2
20260920,xfeat_h,0,0.9,3.6502121382501684,75,37,22,19,11,0
20260920,xfeat_h,0,0.95,1.9914461108329333,75,37,8,8,6,0
20260920,xfeat_h,0,1.0,0.8975385857912902,75,37,3,3,2,0
20260920,xfeat_h,1,0.9,3.201010893274119,216,124,43,39,8,2
20260920,xfeat_h,1,0.95,1.9728571823425987,216,124,23,22,7,2
20260920,xfeat_h,1,1.0,1.7723327988686213,216,124,18,17,6,2
20260920,xfeat_h,2,0.9,3.170318251599294,143,93,28,27,6,0
20260920,xfeat_h,2,0.95,1.918880429529043,143,93,20,20,4,0
20260920,xfeat_h,2,1.0,0.8975385857912902,143,93,7,7,4,0
20260920,xfeat_h,3,0.9,3.704802953806727,77,46,16,13,8,0
20260920,xfeat_h,3,0.95,2.5092355315694244,77,46,10,8,6,0
20260920,xfeat_h,3,1.0,0.8945412875189303,77,46,0,0,0,0
20260920,xfeat_h,4,0.9,3.6502121382501684,114,42,21,18,9,0
20260920,xfeat_h,4,0.95,2.3407978294579195,114,42,12,11,7,0
20260920,xfeat_h,4,1.0,0.8975385857912902,114,42,0,0,0,0
20260920,sp_lg_h,0,0.9,4.039808750155282,75,28,19,16,10,1
20260920,sp_lg_h,0,0.95,3.1828578264249554,75,28,14,12,9,1
20260920,sp_lg_h,0,1.0,2.235271733599013,75,28,8,8,8,1
20260920,sp_lg_h,1,0.9,3.2147578986733087,216,104,57,55,7,7
20260920,sp_lg_h,1,0.95,2.848388256699878,216,104,52,50,7,7
20260920,sp_lg_h,1,1.0,2.39672468596452,216,104,44,43,7,7
20260920,sp_lg_h,2,0.9,3.8621424553584722,143,80,40,36,11,2
20260920,sp_lg_h,2,0.95,2.9162497577446724,143,80,24,23,6,2
20260920,sp_lg_h,2,1.0,2.235271733599013,143,80,18,18,5,2
20260920,sp_lg_h,3,0.9,4.039808750155282,77,37,13,11,7,0
20260920,sp_lg_h,3,0.95,2.934093078880109,77,37,8,8,5,0
20260920,sp_lg_h,3,1.0,2.235271733599013,77,37,2,2,1,0
20260920,sp_lg_h,4,0.9,4.097981110953691,114,36,19,15,8,0
20260920,sp_lg_h,4,0.95,3.1828578264249554,114,36,10,8,5,0
20260920,sp_lg_h,4,1.0,2.235271733599013,114,36,7,7,3,0
20260921,xfeat_h,0,0.9,4.414810808637236,177,68,39,29,11,0
20260921,xfeat_h,0,0.95,2.3407978294579195,177,68,17,16,7,0
20260921,xfeat_h,0,1.0,0.8975385857912902,177,68,2,2,1,0
20260921,xfeat_h,1,0.9,3.5839857344323116,142,97,46,41,10,2
20260921,xfeat_h,1,0.95,2.4838220230026757,142,97,28,26,8,2
20260921,xfeat_h,1,1.0,1.7319332221827592,142,97,13,12,4,2
20260921,xfeat_h,2,0.9,2.5600475709213653,157,98,26,26,6,0
20260921,xfeat_h,2,0.95,1.7723327988686213,157,98,22,22,5,0
20260921,xfeat_h,2,1.0,0.8516879511037608,157,98,4,4,2,0
20260921,xfeat_h,3,0.9,3.175488515318355,78,44,15,15,8,0
20260921,xfeat_h,3,0.95,1.9278585408261943,78,44,9,9,7,0
20260921,xfeat_h,3,1.0,0.8975385857912902,78,44,4,4,3,0
20260921,xfeat_h,4,0.9,3.704802953806727,71,35,13,10,8,0
20260921,xfeat_h,4,0.95,2.5600475709213653,71,35,7,4,4,0
20260921,xfeat_h,4,1.0,0.8975385857912902,71,35,0,0,0,0
20260921,sp_lg_h,0,0.9,4.3481580903942465,177,49,34,26,8,0
20260921,sp_lg_h,0,0.95,3.2147578986733087,177,49,17,14,5,0
20260921,sp_lg_h,0,1.0,2.565920775392643,177,49,9,8,4,0
20260921,sp_lg_h,1,0.9,3.4468706150283213,142,91,52,50,9,5
20260921,sp_lg_h,1,0.95,2.848388256699878,142,91,43,42,8,5
20260921,sp_lg_h,1,1.0,2.169792076740869,142,91,34,34,7,5
20260921,sp_lg_h,2,0.9,3.308079318235276,157,82,33,33,7,4
20260921,sp_lg_h,2,0.95,2.735662480831462,157,82,25,25,5,4
20260921,sp_lg_h,2,1.0,2.235271733599013,157,82,21,21,4,4
20260921,sp_lg_h,3,0.9,4.097981110953691,78,30,19,15,10,1
20260921,sp_lg_h,3,0.95,2.848388256699878,78,30,12,12,8,1
20260921,sp_lg_h,3,1.0,2.235271733599013,78,30,8,8,6,1
20260921,sp_lg_h,4,0.9,4.097981110953691,71,33,11,8,7,0
20260921,sp_lg_h,4,0.95,3.2147578986733087,71,33,9,6,6,0
20260921,sp_lg_h,4,1.0,2.235271733599013,71,33,5,5,3,0
20260922,xfeat_h,0,0.9,3.8370852479242434,140,80,45,38,10,2
20260922,xfeat_h,0,0.95,2.5092355315694244,140,80,27,24,7,2
20260922,xfeat_h,0,1.0,0.8975385857912902,140,80,6,6,1,2
20260922,xfeat_h,1,0.9,3.1774733883078903,70,45,15,14,7,0
20260922,xfeat_h,1,0.95,2.3407978294579195,70,45,11,10,5,0
20260922,xfeat_h,1,1.0,1.7723327988686213,70,45,9,8,4,0
20260922,xfeat_h,2,0.9,2.550653237506577,144,90,25,25,8,0
20260922,xfeat_h,2,0.95,1.918880429529043,144,90,19,19,6,0
20260922,xfeat_h,2,1.0,0.8975385857912902,144,90,4,4,2,0
20260922,xfeat_h,3,0.9,3.457381264609472,99,38,11,10,6,0
20260922,xfeat_h,3,0.95,1.9914461108329333,99,38,4,4,4,0
20260922,xfeat_h,3,1.0,0.8975385857912902,99,38,1,1,1,0
20260922,xfeat_h,4,0.9,4.1124037722909135,172,89,43,35,11,0
20260922,xfeat_h,4,0.95,3.175488515318355,172,89,34,28,11,0
20260922,xfeat_h,4,1.0,0.8945412875189303,172,89,2,2,1,0
20260922,sp_lg_h,0,0.9,3.465107638023546,140,74,46,43,8,5
20260922,sp_lg_h,0,0.95,2.848388256699878,140,74,36,35,7,5
20260922,sp_lg_h,0,1.0,2.169792076740869,140,74,26,26,3,5
20260922,sp_lg_h,1,0.9,3.8621424553584722,70,42,22,20,9,0
20260922,sp_lg_h,1,0.95,2.848388256699878,70,42,14,14,7,0
20260922,sp_lg_h,1,1.0,2.235271733599013,70,42,11,11,6,0
20260922,sp_lg_h,2,0.9,3.453554779376825,144,79,35,34,11,3
20260922,sp_lg_h,2,0.95,2.735662480831462,144,79,27,27,9,3
20260922,sp_lg_h,2,1.0,2.235271733599013,144,79,21,21,8,3
20260922,sp_lg_h,3,0.9,3.621398743770885,99,32,13,13,4,2
20260922,sp_lg_h,3,0.95,2.848388256699878,99,32,11,11,3,2
20260922,sp_lg_h,3,1.0,2.235271733599013,99,32,10,10,3,2
20260922,sp_lg_h,4,0.9,4.381022278865387,172,58,38,28,9,0
20260922,sp_lg_h,4,0.95,3.308079318235276,172,58,21,17,8,0
20260922,sp_lg_h,4,1.0,2.5905687974109917,172,58,10,8,5,0
20260923,xfeat_h,0,0.9,2.9832170236996913,140,90,29,28,8,0
20260923,xfeat_h,0,0.95,1.9914461108329333,140,90,21,20,5,0
20260923,xfeat_h,0,1.0,1.7723327988686213,140,90,17,16,5,0
20260923,xfeat_h,1,0.9,3.1774733883078903,91,48,16,15,10,0
20260923,xfeat_h,1,0.95,2.3407978294579195,91,48,11,10,8,0
20260923,xfeat_h,1,1.0,0.8975385857912902,91,48,2,2,2,0
20260923,xfeat_h,2,0.9,3.704802953806727,182,70,28,24,7,0
20260923,xfeat_h,2,0.95,1.9278585408261943,182,70,9,9,4,0
20260923,xfeat_h,2,1.0,0.8945412875189303,182,70,2,2,1,0
20260923,xfeat_h,3,0.9,3.175488515318355,157,109,42,39,11,2
20260923,xfeat_h,3,0.95,1.9914461108329333,157,109,26,25,9,2
20260923,xfeat_h,3,1.0,0.8975385857912902,157,109,9,9,3,2
20260923,xfeat_h,4,0.9,3.704802953806727,55,25,8,6,5,0
20260923,xfeat_h,4,0.95,2.4838220230026757,55,25,4,3,3,0
20260923,xfeat_h,4,1.0,0.8975385857912902,55,25,0,0,0,0
20260923,sp_lg_h,0,0.9,3.8621424553584722,140,77,34,31,9,2
20260923,sp_lg_h,0,0.95,2.8072821652385485,140,77,22,22,6,2
20260923,sp_lg_h,0,1.0,2.235271733599013,140,77,17,17,5,2
20260923,sp_lg_h,1,0.9,4.097981110953691,91,33,25,21,12,0
20260923,sp_lg_h,1,0.95,3.1947989785163364,91,33,16,13,9,0
20260923,sp_lg_h,1,1.0,2.235271733599013,91,33,11,11,7,0
20260923,sp_lg_h,2,0.9,4.312531826216522,182,54,30,23,8,1
20260923,sp_lg_h,2,0.95,3.2147578986733087,182,54,19,16,7,1
20260923,sp_lg_h,2,1.0,2.565920775392643,182,54,8,7,3,1
20260923,sp_lg_h,3,0.9,3.1828578264249554,157,102,55,54,9,7
20260923,sp_lg_h,3,0.95,2.735662480831462,157,102,48,47,9,7
20260923,sp_lg_h,3,1.0,2.169792076740869,157,102,39,39,6,7
20260923,sp_lg_h,4,0.9,3.8621424553584722,55,19,4,4,4,0
20260923,sp_lg_h,4,0.95,2.934093078880109,55,19,4,4,4,0
20260923,sp_lg_h,4,1.0,2.235271733599013,55,19,3,3,3,0
20260924,xfeat_h,0,0.9,3.175488515318355,168,121,39,37,10,2
20260924,xfeat_h,0,0.95,1.9914461108329333,168,121,24,23,8,2
20260924,xfeat_h,0,1.0,1.6820231091077982,168,121,13,12,5,2
20260924,xfeat_h,1,0.9,3.704802953806727,82,47,14,11,8,0
20260924,xfeat_h,1,0.95,2.4838220230026757,82,47,8,7,6,0
20260924,xfeat_h,1,1.0,0.8975385857912902,82,47,2,2,2,0
20260924,xfeat_h,2,0.9,3.704802953806727,85,34,18,15,9,0
20260924,xfeat_h,2,0.95,2.5092355315694244,85,34,12,10,8,0
20260924,xfeat_h,2,1.0,0.8945412875189303,85,34,0,0,0,0
20260924,xfeat_h,3,0.9,3.170318251599294,195,114,40,37,8,0
20260924,xfeat_h,3,0.95,1.7723327988686213,195,114,21,21,6,0
20260924,xfeat_h,3,1.0,0.8975385857912902,195,114,8,8,4,0
20260924,xfeat_h,4,0.9,3.704802953806727,95,26,16,13,6,0
20260924,xfeat_h,4,0.95,2.3407978294579195,95,26,8,7,3,0
20260924,xfeat_h,4,1.0,0.8975385857912902,95,26,2,2,1,0
20260924,sp_lg_h,0,0.9,3.4468706150283213,168,105,57,54,10,7
20260924,sp_lg_h,0,0.95,2.735662480831462,168,105,44,43,8,7
20260924,sp_lg_h,0,1.0,2.169792076740869,168,105,36,36,5,7
20260924,sp_lg_h,1,0.9,4.039808750155282,82,42,21,18,11,0
20260924,sp_lg_h,1,0.95,2.934093078880109,82,42,14,13,8,0
20260924,sp_lg_h,1,1.0,2.235271733599013,82,42,9,9,6,0
20260924,sp_lg_h,2,0.9,4.097981110953691,85,25,13,10,7,1
20260924,sp_lg_h,2,0.95,2.934093078880109,85,25,5,5,4,1
20260924,sp_lg_h,2,1.0,2.235271733599013,85,25,3,3,3,1
20260924,sp_lg_h,3,0.9,4.039808750155282,195,92,51,45,10,2
20260924,sp_lg_h,3,0.95,3.1828578264249554,195,92,36,33,9,2
20260924,sp_lg_h,3,1.0,2.565920775392643,195,92,26,25,8,2
20260924,sp_lg_h,4,0.9,3.8621424553584722,95,21,12,11,4,0
20260924,sp_lg_h,4,0.95,3.0746654150634996,95,21,11,10,4,0
20260924,sp_lg_h,4,1.0,2.235271733599013,95,21,4,4,2,0
20260925,xfeat_h,0,0.9,4.414810808637236,85,39,26,17,10,0
20260925,xfeat_h,0,0.95,2.5600475709213653,85,39,11,8,6,0
20260925,xfeat_h,0,1.0,0.8975385857912902,85,39,0,0,0,0
20260925,xfeat_h,1,0.9,2.5600475709213653,164,108,41,39,10,2
20260925,xfeat_h,1,0.95,2.3407978294579195,164,108,34,32,9,2
20260925,xfeat_h,1,1.0,0.8975385857912902,164,108,11,11,4,2
20260925,xfeat_h,2,0.9,4.109469635154102,156,83,46,38,10,0
20260925,xfeat_h,2,0.95,1.9278585408261943,156,83,9,9,6,0
20260925,xfeat_h,2,1.0,0.8975385857912902,156,83,3,3,2,0
20260925,xfeat_h,3,0.9,3.1774733883078903,117,39,9,9,5,0
20260925,xfeat_h,3,0.95,1.9914461108329333,117,39,6,6,3,0
20260925,xfeat_h,3,1.0,0.8945412875189303,117,39,1,1,1,0
20260925,xfeat_h,4,0.9,3.170318251599294,103,73,22,21,7,0
20260925,xfeat_h,4,0.95,2.3407978294579195,103,73,20,19,7,0
20260925,xfeat_h,4,1.0,1.7723327988686213,103,73,16,15,5,0
20260925,sp_lg_h,0,0.9,4.381022278865387,85,36,26,17,11,0
20260925,sp_lg_h,0,0.95,3.4521654015547774,85,36,17,12,8,0
20260925,sp_lg_h,0,1.0,2.235271733599013,85,36,6,6,3,0
20260925,sp_lg_h,1,0.9,3.2147578986733087,164,97,48,47,8,6
20260925,sp_lg_h,1,0.95,2.5905687974109917,164,97,38,38,7,6
20260925,sp_lg_h,1,1.0,2.169792076740869,164,97,33,33,7,6
20260925,sp_lg_h,2,0.9,4.039808750155282,156,59,38,33,10,2
20260925,sp_lg_h,2,0.95,3.1828578264249554,156,59,29,26,10,2
20260925,sp_lg_h,2,1.0,2.565920775392643,156,59,20,19,8,2
20260925,sp_lg_h,3,0.9,3.726939580098064,117,26,9,9,5,0
20260925,sp_lg_h,3,0.95,2.934093078880109,117,26,5,5,4,0
20260925,sp_lg_h,3,1.0,2.235271733599013,117,26,4,4,3,0
20260925,sp_lg_h,4,0.9,3.453554779376825,103,67,22,22,6,2
20260925,sp_lg_h,4,0.95,2.8072821652385485,103,67,17,17,5,2
20260925,sp_lg_h,4,1.0,2.235271733599013,103,67,15,15,4,2
20260926,xfeat_h,0,0.9,5.904745219679906,172,58,57,37,11,0
20260926,xfeat_h,0,0.95,3.5839857344323116,172,58,32,23,9,0
20260926,xfeat_h,0,1.0,0.8975385857912902,172,58,3,3,2,0
20260926,xfeat_h,1,0.9,3.175488515318355,102,71,22,21,8,0
20260926,xfeat_h,1,0.95,2.3407978294579195,102,71,18,17,8,0
20260926,xfeat_h,1,1.0,1.7723327988686213,102,71,13,12,7,0
20260926,xfeat_h,2,0.9,3.1774733883078903,74,39,7,7,5,0
20260926,xfeat_h,2,0.95,1.9914461108329333,74,39,2,2,2,0
20260926,xfeat_h,2,1.0,0.8975385857912902,74,39,0,0,0,0
20260926,xfeat_h,3,0.9,2.4838220230026757,194,129,38,38,7,2
20260926,xfeat_h,3,0.95,1.7319332221827592,194,129,26,26,6,2
20260926,xfeat_h,3,1.0,0.8975385857912902,194,129,9,9,2,2
20260926,xfeat_h,4,0.9,3.457381264609472,83,45,21,19,9,0
20260926,xfeat_h,4,0.95,2.4838220230026757,83,45,13,11,7,0
20260926,xfeat_h,4,1.0,0.8945412875189303,83,45,0,0,0,0
20260926,sp_lg_h,0,0.9,4.381022278865387,172,46,38,28,11,0
20260926,sp_lg_h,0,0.95,3.308079318235276,172,46,23,19,8,0
20260926,sp_lg_h,0,1.0,2.565920775392643,172,46,11,10,6,0
20260926,sp_lg_h,1,0.9,3.8621424553584722,102,55,32,29,11,2
20260926,sp_lg_h,1,0.95,2.848388256699878,102,55,21,21,7,2
20260926,sp_lg_h,1,1.0,2.235271733599013,102,55,17,17,6,2
20260926,sp_lg_h,2,0.9,3.726939580098064,74,28,7,7,5,0
20260926,sp_lg_h,2,0.95,2.934093078880109,74,28,6,6,5,0
20260926,sp_lg_h,2,1.0,2.235271733599013,74,28,4,4,4,0
20260926,sp_lg_h,3,0.9,3.1947989785163364,194,122,59,57,8,8
20260926,sp_lg_h,3,0.95,2.5905687974109917,194,122,47,47,7,8
20260926,sp_lg_h,3,1.0,2.1133323516723768,194,122,37,37,6,8
20260926,sp_lg_h,4,0.9,4.039808750155282,83,34,12,10,7,0
20260926,sp_lg_h,4,0.95,3.0746654150634996,83,34,7,6,5,0
20260926,sp_lg_h,4,1.0,2.235271733599013,83,34,5,5,3,0
20260927,xfeat_h,0,0.9,2.5092355315694244,212,143,52,50,10,2
20260927,xfeat_h,0,0.95,1.9914461108329333,212,143,43,41,10,2
20260927,xfeat_h,0,1.0,0.8135228821712258,212,143,9,9,3,2
20260927,xfeat_h,1,0.9,4.152735895073776,173,64,40,32,10,0
20260927,xfeat_h,1,0.95,1.9278585408261943,173,64,9,9,5,0
20260927,xfeat_h,1,1.0,0.8975385857912902,173,64,5,5,3,0
20260927,xfeat_h,2,0.9,3.6502121382501684,87,47,15,13,9,0
20260927,xfeat_h,2,0.95,2.5092355315694244,87,47,7,5,5,0
20260927,xfeat_h,2,1.0,1.7723327988686213,87,47,3,2,3,0
20260927,xfeat_h,3,0.9,3.457381264609472,70,38,13,12,6,0
20260927,xfeat_h,3,0.95,2.4838220230026757,70,38,8,7,6,0
20260927,xfeat_h,3,1.0,0.8975385857912902,70,38,0,0,0,0
20260927,xfeat_h,4,0.9,3.175488515318355,83,50,11,11,6,0
20260927,xfeat_h,4,0.95,1.9914461108329333,83,50,5,5,3,0
20260927,xfeat_h,4,1.0,0.8975385857912902,83,50,1,1,1,0
20260927,sp_lg_h,0,0.9,2.9162497577446724,212,129,54,54,8,7
20260927,sp_lg_h,0,0.95,2.5905687974109917,212,129,47,47,6,7
20260927,sp_lg_h,0,1.0,2.1368689919303523,212,129,40,40,6,7
20260927,sp_lg_h,1,0.9,4.546288117519677,173,46,39,25,10,0
20260927,sp_lg_h,1,0.95,4.097981110953691,173,46,34,22,9,0
20260927,sp_lg_h,1,1.0,2.565920775392643,173,46,10,9,6,0
20260927,sp_lg_h,2,0.9,3.726939580098064,87,46,18,17,9,0
20260927,sp_lg_h,2,0.95,2.848388256699878,87,46,15,15,8,0
20260927,sp_lg_h,2,1.0,2.235271733599013,87,46,13,13,8,0
20260927,sp_lg_h,3,0.9,3.8621424553584722,70,27,15,14,6,3
20260927,sp_lg_h,3,0.95,2.934093078880109,70,27,14,13,6,3
20260927,sp_lg_h,3,1.0,2.235271733599013,70,27,9,9,3,3
20260927,sp_lg_h,4,0.9,4.039808750155282,83,37,18,15,9,0
20260927,sp_lg_h,4,0.95,3.0746654150634996,83,37,8,7,4,0
20260927,sp_lg_h,4,1.0,2.235271733599013,83,37,5,5,3,0
