seed,pipeline,target_precision,flagged,flagged_failures,failures,crossings,tau_median,tau_min,tau_max,precision,recall
20260907,sp_lg_h,0.9,146,132,285,10,3.928173048901129,3.4468706150283213,4.097981110953691,0.9041095890410958,0.4631578947368421
20260907,sp_lg_h,0.95,107,101,285,10,2.9162497577446724,2.848388256699878,3.1828578264249554,0.9439252336448598,0.3543859649122807
20260907,sp_lg_h,1.0,81,80,285,10,2.235271733599013,2.235271733599013,2.39672468596452,0.9876543209876543,0.2807017543859649
20260907,xfeat_h,0.9,126,112,342,2,3.4463687871391753,3.170318251599294,3.769526384249341,0.8888888888888888,0.32748538011695905
20260907,xfeat_h,0.95,69,64,342,2,1.9914461108329333,1.7723327988686213,2.5600475709213653,0.927536231884058,0.1871345029239766
20260907,xfeat_h,1.0,22,21,342,2,0.8975385857912902,0.8975385857912902,1.7723327988686213,0.9545454545454546,0.06140350877192982
20260908,sp_lg_h,0.9,152,136,285,10,3.928173048901129,3.2147578986733087,4.244615696084238,0.8947368421052632,0.47719298245614034
20260908,sp_lg_h,0.95,106,100,285,10,2.848388256699878,2.735662480831462,3.2147578986733087,0.9433962264150944,0.3508771929824561
20260908,sp_lg_h,1.0,78,77,285,10,2.235271733599013,2.169792076740869,2.565920775392643,0.9871794871794872,0.27017543859649124
20260908,xfeat_h,0.9,136,121,342,2,3.6502121382501684,2.5600475709213653,3.769526384249341,0.8897058823529411,0.3538011695906433
20260908,xfeat_h,0.95,80,75,342,2,1.9914461108329333,1.918880429529043,2.5092355315694244,0.9375,0.21929824561403508
20260908,xfeat_h,1.0,30,28,342,2,0.8975385857912902,0.8945412875189303,1.9278585408261943,0.9333333333333333,0.08187134502923976
20260909,sp_lg_h,0.9,152,133,285,10,4.022879429281022,3.2147578986733087,4.33355242182268,0.875,0.4666666666666667
20260909,sp_lg_h,0.95,109,101,285,10,3.0746654150634996,2.5905687974109917,3.4521654015547774,0.926605504587156,0.3543859649122807
20260909,sp_lg_h,1.0,75,74,285,10,2.235271733599013,2.1368689919303523,2.565920775392643,0.9866666666666667,0.2596491228070175
20260909,xfeat_h,0.9,137,116,342,2,3.5398515073389487,2.273287319459553,4.979145227995076,0.8467153284671532,0.3391812865497076
20260909,xfeat_h,0.95,77,69,342,2,2.3407978294579195,1.7723327988686213,2.9832170236996913,0.8961038961038961,0.20175438596491227
20260909,xfeat_h,1.0,23,22,342,2,0.8975385857912902,0.8975385857912902,1.7656918217205684,0.9565217391304348,0.06432748538011696
20260910,sp_lg_h,0.9,152,135,285,10,4.097981110953691,3.4521654015547774,4.134021855760602,0.8881578947368421,0.47368421052631576
20260910,sp_lg_h,0.95,108,102,285,10,3.0746654150634996,2.735662480831462,3.2147578986733087,0.9444444444444444,0.35789473684210527
20260910,sp_lg_h,1.0,77,76,285,10,2.235271733599013,2.169792076740869,2.565920775392643,0.987012987012987,0.26666666666666666
20260910,xfeat_h,0.9,137,121,342,2,3.6445345048387936,2.5600475709213653,4.289890871724849,0.8832116788321168,0.3538011695906433
20260910,xfeat_h,0.95,76,70,342,2,2.3407978294579195,1.918880429529043,2.5092355315694244,0.9210526315789473,0.2046783625730994
20260910,xfeat_h,1.0,30,28,342,2,0.8975385857912902,0.8945412875189303,1.9278585408261943,0.9333333333333333,0.08187134502923976
20260911,sp_lg_h,0.9,158,139,285,10,4.074078970737429,3.2957897257967814,4.312531826216522,0.879746835443038,0.48771929824561405
20260911,sp_lg_h,0.95,106,101,285,10,2.848388256699878,2.735662480831462,3.308079318235276,0.9528301886792453,0.3543859649122807
20260911,sp_lg_h,1.0,79,77,285,10,2.235271733599013,2.169792076740869,2.5905687974109917,0.9746835443037974,0.27017543859649124
20260911,xfeat_h,0.9,129,116,342,2,3.457381264609472,3.175488515318355,3.704802953806727,0.8992248062015504,0.3391812865497076
20260911,xfeat_h,0.95,77,72,342,2,2.3407978294579195,1.9278585408261943,2.5092355315694244,0.935064935064935,0.21052631578947367
20260911,xfeat_h,1.0,35,33,342,2,0.8975385857912902,0.8945412875189303,1.918880429529043,0.9428571428571428,0.09649122807017543
20260912,sp_lg_h,0.9,155,137,285,10,3.928173048901129,3.453554779376825,4.244615696084238,0.8838709677419355,0.4807017543859649
20260912,sp_lg_h,0.95,104,98,285,10,2.934093078880109,2.5905687974109917,3.2147578986733087,0.9423076923076923,0.34385964912280703
20260912,sp_lg_h,1.0,77,76,285,10,2.235271733599013,2.169792076740869,2.565920775392643,0.987012987012987,0.26666666666666666
20260912,xfeat_h,0.9,129,114,342,2,3.457381264609472,2.4691173223755665,4.414810808637236,0.8837209302325582,0.3333333333333333
20260912,xfeat_h,0.95,78,69,342,2,1.9914461108329333,1.7723327988686213,3.175488515318355,0.8846153846153846,0.20175438596491227
20260912,xfeat_h,1.0,20,19,342,2,0.8975385857912902,0.8945412875189303,1.7723327988686213,0.95,0.05555555555555555
20260913,sp_lg_h,0.9,146,127,285,10,4.097981110953691,2.9162497577446724,4.408413234885965,0.8698630136986302,0.4456140350877193
20260913,sp_lg_h,0.95,116,105,285,10,2.934093078880109,2.5905687974109917,3.812441215861049,0.9051724137931034,0.3684210526315789
20260913,sp_lg_h,1.0,77,76,285,10,2.235271733599013,2.1368689919303523,2.565920775392643,0.987012987012987,0.26666666666666666
20260913,xfeat_h,0.9,141,117,342,2,3.1774733883078903,1.9914461108329333,5.336731331747008,0.8297872340425532,0.34210526315789475
20260913,xfeat_h,0.95,78,70,342,2,2.4838220230026757,1.7319332221827592,2.9274313548706745,0.8974358974358975,0.2046783625730994
20260913,xfeat_h,1.0,26,25,342,2,0.8975385857912902,0.8975385857912902,1.7723327988686213,0.9615384615384616,0.07309941520467836
20260914,sp_lg_h,0.9,150,133,285,10,4.039808750155282,2.9162497577446724,4.312531826216522,0.8866666666666667,0.4666666666666667
20260914,sp_lg_h,0.95,101,95,285,10,2.848388256699878,2.5855878599681836,3.4521654015547774,0.9405940594059405,0.3333333333333333
20260914,sp_lg_h,1.0,77,76,285,10,2.235271733599013,2.169792076740869,2.565920775392643,0.987012987012987,0.26666666666666666
20260914,xfeat_h,0.9,146,122,342,2,3.704802953806727,2.5600475709213653,4.979145227995076,0.8356164383561644,0.3567251461988304
20260914,xfeat_h,0.95,75,70,342,2,2.3407978294579195,1.918880429529043,2.5092355315694244,0.9333333333333333,0.2046783625730994
20260914,xfeat_h,1.0,23,22,342,2,0.8975385857912902,0.8975385857912902,1.7723327988686213,0.9565217391304348,0.06432748538011696
20260915,sp_lg_h,0.9,145,132,285,10,3.8621424553584722,3.4088983163034325,4.142612207323948,0.9103448275862069,0.4631578947368421
20260915,sp_lg_h,0.95,111,103,285,10,2.934093078880109,2.8072821652385485,3.2147578986733087,0.9279279279279279,0.36140350877192984
20260915,sp_lg_h,1.0,77,76,285,10,2.235271733599013,2.169792076740869,2.565920775392643,0.987012987012987,0.26666666666666666
20260915,xfeat_h,0.9,148,125,342,2,3.1774733883078903,2.550653237506577,5.112367714241926,0.8445945945945946,0.3654970760233918
20260915,xfeat_h,0.95,76,68,342,2,2.3407978294579195,1.6820231091077982,2.9832170236996913,0.8947368421052632,0.19883040935672514
20260915,xfeat_h,1.0,24,23,342,2,0.8975385857912902,0.8975385857912902,1.7723327988686213,0.9583333333333334,0.06725146198830409
20260916,sp_lg_h,0.9,146,132,285,10,3.8621424553584722,3.4521654015547774,4.134021855760602,0.9041095890410958,0.4631578947368421
20260916,sp_lg_h,0.95,108,101,285,10,2.848388256699878,2.7916426190439503,3.308079318235276,0.9351851851851852,0.3543859649122807
20260916,sp_lg_h,1.0,80,78,285,10,2.235271733599013,2.169792076740869,2.5905687974109917,0.975,0.2736842105263158
20260916,xfeat_h,0.9,144,127,342,2,3.5839857344323116,2.9832170236996913,4.289890871724849,0.8819444444444444,0.3713450292397661
20260916,xfeat_h,0.95,84,76,342,2,2.3407978294579195,1.9278585408261943,2.9832170236996913,0.9047619047619048,0.2222222222222222
20260916,xfeat_h,1.0,20,19,342,2,0.8975385857912902,0.8945412875189303,1.7656918217205684,0.95,0.05555555555555555
20260917,sp_lg_h,0.9,150,134,285,10,4.074078970737429,3.4468706150283213,4.142612207323948,0.8933333333333333,0.47017543859649125
20260917,sp_lg_h,0.95,106,100,285,10,2.934093078880109,2.735662480831462,3.1828578264249554,0.9433962264150944,0.3508771929824561
20260917,sp_lg_h,1.0,78,77,285,10,2.235271733599013,2.169792076740869,2.565920775392643,0.9871794871794872,0.27017543859649124
20260917,xfeat_h,0.9,137,120,342,2,3.5839857344323116,2.5600475709213653,4.289890871724849,0.8759124087591241,0.3508771929824561
20260917,xfeat_h,0.95,78,72,342,2,2.3407978294579195,1.918880429529043,2.5600475709213653,0.9230769230769231,0.21052631578947367
20260917,xfeat_h,1.0,21,20,342,2,0.8975385857912902,0.8516879511037608,1.7723327988686213,0.9523809523809523,0.05847953216374269
20260918,sp_lg_h,0.9,151,135,285,10,3.996261784059785,3.4468706150283213,4.039808750155282,0.8940397350993378,0.47368421052631576
20260918,sp_lg_h,0.95,110,104,285,10,2.848388256699878,2.848388256699878,3.1828578264249554,0.9454545454545454,0.3649122807017544
20260918,sp_lg_h,1.0,78,77,285,10,2.235271733599013,2.169792076740869,2.565920775392643,0.9871794871794872,0.27017543859649124
20260918,xfeat_h,0.9,140,123,342,2,3.704802953806727,3.175488515318355,3.769526384249341,0.8785714285714286,0.35964912280701755
20260918,xfeat_h,0.95,79,74,342,2,2.3407978294579195,1.9278585408261943,2.5092355315694244,0.9367088607594937,0.21637426900584794
20260918,xfeat_h,1.0,25,24,342,2,0.8975385857912902,0.8945412875189303,1.7723327988686213,0.96,0.07017543859649122
20260919,sp_lg_h,0.9,157,137,285,10,4.022879429281022,3.453554779376825,4.37087445556459,0.8726114649681529,0.4807017543859649
20260919,sp_lg_h,0.95,105,100,285,10,2.848388256699878,2.735662480831462,3.308079318235276,0.9523809523809523,0.3508771929824561
20260919,sp_lg_h,1.0,79,78,285,10,2.235271733599013,2.169792076740869,2.565920775392643,0.9873417721518988,0.2736842105263158
20260919,xfeat_h,0.9,150,128,342,2,3.457381264609472,2.5600475709213653,5.112367714241926,0.8533333333333334,0.3742690058479532
20260919,xfeat_h,0.95,85,75,342,2,1.9914461108329333,1.7723327988686213,3.4212661163545977,0.8823529411764706,0.21929824561403508
20260919,xfeat_h,1.0,22,21,342,2,0.8975385857912902,0.8945412875189303,1.7656918217205684,0.9545454545454546,0.06140350877192982
20260920,sp_lg_h,0.9,148,133,285,10,4.039808750155282,3.2147578986733087,4.097981110953691,0.8986486486486487,0.4666666666666667
20260920,sp_lg_h,0.95,108,101,285,10,2.934093078880109,2.848388256699878,3.1828578264249554,0.9351851851851852,0.3543859649122807
20260920,sp_lg_h,1.0,79,78,285,10,2.235271733599013,2.235271733599013,2.39672468596452,0.9873417721518988,0.2736842105263158
20260920,xfeat_h,0.9,130,116,342,2,3.6502121382501684,3.170318251599294,3.704802953806727,0.8923076923076924,0.3391812865497076
20260920,xfeat_h,0.95,73,69,342,2,1.9914461108329333,1.918880429529043,2.5092355315694244,0.9452054794520548,0.20175438596491227
20260920,xfeat_h,1.0,28,27,342,2,0.8975385857912902,0.8945412875189303,1.7723327988686213,0.9642857142857143,0.07894736842105263
20260921,sp_lg_h,0.9,149,132,285,10,4.097981110953691,3.308079318235276,4.3481580903942465,0.8859060402684564,0.4631578947368421
20260921,sp_lg_h,0.95,106,99,285,10,2.848388256699878,2.735662480831462,3.2147578986733087,0.9339622641509434,0.3473684210526316
20260921,sp_lg_h,1.0,77,76,285,10,2.235271733599013,2.169792076740869,2.565920775392643,0.987012987012987,0.26666666666666666
20260921,xfeat_h,0.9,139,121,342,2,3.5839857344323116,2.5600475709213653,4.414810808637236,0.8705035971223022,0.3538011695906433
20260921,xfeat_h,0.95,83,77,342,2,2.3407978294579195,1.7723327988686213,2.5600475709213653,0.927710843373494,0.22514619883040934
20260921,xfeat_h,1.0,23,22,342,2,0.8975385857912902,0.8516879511037608,1.7319332221827592,0.9565217391304348,0.06432748538011696
20260922,sp_lg_h,0.9,154,138,285,10,3.621398743770885,3.453554779376825,4.381022278865387,0.8961038961038961,0.4842105263157895
20260922,sp_lg_h,0.95,109,104,285,10,2.848388256699878,2.735662480831462,3.308079318235276,0.9541284403669725,0.3649122807017544
20260922,sp_lg_h,1.0,78,76,285,10,2.235271733599013,2.169792076740869,2.5905687974109917,0.9743589743589743,0.26666666666666666
20260922,xfeat_h,0.9,139,122,342,2,3.457381264609472,2.550653237506577,4.1124037722909135,0.8776978417266187,0.3567251461988304
20260922,xfeat_h,0.95,95,85,342,2,2.3407978294579195,1.918880429529043,3.175488515318355,0.8947368421052632,0.24853801169590642
20260922,xfeat_h,1.0,22,21,342,2,0.8975385857912902,0.8945412875189303,1.7723327988686213,0.9545454545454546,0.06140350877192982
20260923,sp_lg_h,0.9,148,133,285,10,3.8621424553584722,3.1828578264249554,4.312531826216522,0.8986486486486487,0.4666666666666667
20260923,sp_lg_h,0.95,109,102,285,10,2.934093078880109,2.735662480831462,3.2147578986733087,0.9357798165137615,0.35789473684210527
20260923,sp_lg_h,1.0,78,77,285,10,2.235271733599013,2.169792076740869,2.565920775392643,0.9871794871794872,0.27017543859649124
20260923,xfeat_h,0.9,123,112,342,2,3.1774733883078903,2.9832170236996913,3.704802953806727,0.9105691056910569,0.32748538011695905
20260923,xfeat_h,0.95,71,67,342,2,1.9914461108329333,1.9278585408261943,2.4838220230026757,0.9436619718309859,0.195906432748538
20260923,xfeat_h,1.0,30,29,342,2,0.8975385857912902,0.8945412875189303,1.7723327988686213,0.9666666666666667,0.0847953216374269
20260924,sp_lg_h,0.9,154,138,285,10,4.039808750155282,3.4468706150283213,4.097981110953691,0.8961038961038961,0.4842105263157895
20260924,sp_lg_h,0.95,110,104,285,10,2.934093078880109,2.735662480831462,3.1828578264249554,0.9454545454545454,0.3649122807017544
20260924,sp_lg_h,1.0,78,77,285,10,2.235271733599013,2.169792076740869,2.565920775392643,0.9871794871794872,0.27017543859649124
20260924,xfeat_h,0.9,127,113,342,2,3.704802953806727,3.170318251599294,3.704802953806727,0.889763779527559,0.3304093567251462
20260924,xfeat_h,0.95,73,68,342,2,2.3407978294579195,1.7723327988686213,2.5092355315694244,0.9315068493150684,0.19883040935672514
20260924,xfeat_h,1.0,25,24,342,2,0.8975385857912902,0.8945412875189303,1.6820231091077982,0.96,0.07017543859649122
20260925,sp_lg_h,0.9,143,128,285,10,3.726939580098064,3.2147578986733087,4.381022278865387,0.8951048951048951,0.44912280701754387
20260925,sp_lg_h,0.95,106,98,285,10,2.934093078880109,2.5905687974109917,3.4521654015547774,0.9245283018867925,0.34385964912280703
20260925,sp_lg_h,1.0,78,77,285,10,2.235271733599013,2.169792076740869,2.565920775392643,0.9871794871794872,0.27017543859649124
20260925,xfeat_h,0.9,144,124,342,2,3.1774733883078903,2.5600475709213653,4.414810808637236,0.8611111111111112,0.36257309941520466
20260925,xfeat_h,0.95,80,74,342,2,2.3407978294579195,1.9278585408261943,2.5600475709213653,0.925,0.21637426900584794
20260925,xfeat_h,1.0,31,30,342,2,0.8975385857912902,0.8945412875189303,1.7723327988686213,0.967741935483871,0.08771929824561403
20260926,sp_lg_h,0.9,148,131,285,10,3.8621424553584722,3.1947989785163364,4.381022278865387,0.8851351351351351,0.45964912280701753
20260926,sp_lg_h,0.95,104,99,285,10,2.934093078880109,2.5905687974109917,3.308079318235276,0.9519230769230769,0.3473684210526316
20260926,sp_lg_h,1.0,74,73,285,10,2.235271733599013,2.1133323516723768,2.565920775392643,0.9864864864864865,0.256140350877193
20260926,xfeat_h,0.9,145,122,342,2,3.1774733883078903,2.4838220230026757,5.904745219679906,0.8413793103448276,0.3567251461988304
20260926,xfeat_h,0.95,91,79,342,2,2.3407978294579195,1.7319332221827592,3.5839857344323116,0.8681318681318682,0.2309941520467836
20260926,xfeat_h,1.0,25,24,342,2,0.8975385857912902,0.8945412875189303,1.7723327988686213,0.96,0.07017543859649122
20260927,sp_lg_h,0.9,144,125,285,10,3.8621424553584722,2.9162497577446724,4.546288117519677,0.8680555555555556,0.43859649122807015
20260927,sp_lg_h,0.95,118,104,285,10,2.934093078880109,2.5905687974109917,4.097981110953691,0.8813559322033898,0.3649122807017544
20260927,sp_lg_h,1.0,77,76,285,10,2.235271733599013,2.1368689919303523,2.565920775392643,0.987012987012987,0.26666666666666666
20260927,xfeat_h,0.9,131,118,342,2,3.457381264609472,2.5092355315694244,4.152735895073776,0.9007633587786259,0.34502923976608185
20260927,xfeat_h,0.95,72,67,342,2,1.9914461108329333,1.9278585408261943,2.5092355315694244,0.9305555555555556,0.195906432748538
20260927,xfeat_h,1.0,18,17,342,2,0.8975385857912902,0.8135228821712258,1.7723327988686213,0.9444444444444444,0.049707602339181284
