pipeline,population,score,cases,failures,auroc,ci_low,ci_high
xfeat_h,all_attempted,clearance,625,342,0.778409541871854,0.7112329092710444,0.835834526617083
xfeat_h,all_attempted,inlier_ratio,625,342,0.8480704027700416,0.7964025041172557,0.8954643503040678
xfeat_h,all_attempted,inlier_count,625,342,0.8425892323553481,0.788858992723019,0.8920826487266749
xfeat_h,all_attempted,perspective,625,342,0.7781444476888101,0.7107171556725547,0.8352774378125992
xfeat_h,all_attempted,scale,625,342,0.6758078136058436,0.5964115378832109,0.7462581318072079
xfeat_h,all_attempted,detector,625,342,0.8255174695872374,0.7632677670156367,0.8803289659837132
xfeat_h,all_attempted,fused,625,342,0.8549072734359375,0.8045252495839328,0.8990535897885554
xfeat_h,returned_only,clearance,625,342,0.778409541871854,0.7112329092710444,0.835834526617083
xfeat_h,returned_only,inlier_ratio,625,342,0.8480704027700416,0.7964025041172557,0.8954643503040678
xfeat_h,returned_only,inlier_count,625,342,0.8425892323553481,0.788858992723019,0.8920826487266749
xfeat_h,returned_only,perspective,625,342,0.7781444476888101,0.7107171556725547,0.8352774378125992
xfeat_h,returned_only,scale,625,342,0.6758078136058436,0.5964115378832109,0.7462581318072079
xfeat_h,returned_only,detector,625,342,0.8255174695872374,0.7632677670156367,0.8803289659837132
xfeat_h,returned_only,fused,625,342,0.8549072734359375,0.8045252495839328,0.8990535897885554
sp_lg_h,all_attempted,clearance,625,285,0.8225360952856188,0.7669220975246829,0.8722026184322995
sp_lg_h,all_attempted,inlier_ratio,625,285,0.7819069880149704,0.7128933633223369,0.8456476848867451
sp_lg_h,all_attempted,inlier_count,625,285,0.8083078125149533,0.743288563076539,0.8692744811633685
sp_lg_h,all_attempted,perspective,625,285,0.8217561097754894,0.7657488406588283,0.8716697163821155
sp_lg_h,all_attempted,scale,625,285,0.7043697804547612,0.6295658109608596,0.779500808097026
sp_lg_h,all_attempted,detector,625,285,0.8384662063486111,0.7797149708329454,0.8887731641515377
sp_lg_h,all_attempted,fused,625,285,0.8455124824794197,0.7885039992419242,0.8961029508246521
sp_lg_h,returned_only,clearance,618,278,0.8206218165646467,0.7649762657316783,0.8708716093023976
sp_lg_h,returned_only,inlier_ratio,618,278,0.7783040364037691,0.7081549388699206,0.8423902363664255
sp_lg_h,returned_only,inlier_count,618,278,0.8069695382885793,0.7420766221546646,0.8680893026431578
sp_lg_h,returned_only,perspective,618,278,0.8198436628851905,0.7636695495649274,0.8703898449318201
sp_lg_h,returned_only,scale,618,278,0.7013587267682009,0.6257501739037182,0.7775248243789404
sp_lg_h,returned_only,detector,618,278,0.837457108698608,0.7786885951334054,0.8877794022093263
sp_lg_h,returned_only,fused,618,278,0.8436798804244069,0.7865001776750135,0.8948389140865199
superretina,all_attempted,clearance,625,334,0.851952461034958,0.8024241269789117,0.8975571685742758
superretina,all_attempted,inlier_ratio,625,334,0.8107556013166526,0.7468406311932744,0.8672059928909327
superretina,all_attempted,perspective,625,334,0.8514846297844526,0.801366794189688,0.8971249629959693
superretina,all_attempted,fused,625,334,0.8564661421403972,0.7982980477845364,0.9075001451283672
superretina,returned_only,clearance,568,277,0.8287614269863688,0.7729780290883144,0.8803788013481638
superretina,returned_only,inlier_ratio,568,277,0.7842788911381073,0.717063160810615,0.847249829033204
superretina,returned_only,perspective,568,277,0.8284691151172342,0.7728764781651128,0.8802896577997992
superretina,returned_only,fused,568,277,0.8358493025803745,0.771208852501192,0.8933279152101031
superretina,with_inliers,clearance,482,191,0.724998840271778,0.6498649559669619,0.7955141643536227
superretina,with_inliers,inlier_ratio,482,191,0.6688538583034647,0.580046815495537,0.7531114040689854
superretina,with_inliers,perspective,482,191,0.724454260874693,0.6498860772552448,0.7936263578043008
superretina,with_inliers,fused,482,191,0.7412951312011443,0.6543820103367051,0.8208597290187127
