pipeline,population,comparison,difference,ci_low,ci_high,fraction_positive
xfeat_h,all_attempted,fused-detector,0.029389803848700158,-0.008619071054847108,0.07216826110185016,0.9165
xfeat_h,all_attempted,fused-inlier_ratio,0.006836870665895889,-0.02747562794812505,0.04228713428656232,0.6355
xfeat_h,all_attempted,clearance-perspective,0.0002650941830438791,-0.001400972347564275,0.002083382822911642,0.6415
xfeat_h,all_attempted,clearance-detector,-0.04710792771538341,-0.11696326460461216,0.02372005268196373,0.092
xfeat_h,all_attempted,fused-clearance,0.07649773156408357,0.03807910749731006,0.12084239644631882,1.0
xfeat_h,returned_only,fused-detector,0.029389803848700158,-0.008619071054847108,0.07216826110185016,0.9165
xfeat_h,returned_only,fused-inlier_ratio,0.006836870665895889,-0.02747562794812505,0.04228713428656232,0.6355
xfeat_h,returned_only,clearance-perspective,0.0002650941830438791,-0.001400972347564275,0.002083382822911642,0.6415
xfeat_h,returned_only,clearance-detector,-0.04710792771538341,-0.11696326460461216,0.02372005268196373,0.092
xfeat_h,returned_only,fused-clearance,0.07649773156408357,0.03807910749731006,0.12084239644631882,1.0
sp_lg_h,all_attempted,fused-detector,0.007046276130808549,-0.041447481280562526,0.05581809444430594,0.6185
sp_lg_h,all_attempted,fused-inlier_ratio,0.0636054944644493,0.025867050401097044,0.10649812442651106,0.999
sp_lg_h,all_attempted,clearance-perspective,0.0007799855101293662,-0.0013064581711423884,0.0035659092589372873,0.7155
sp_lg_h,all_attempted,clearance-detector,-0.015930111062992358,-0.062260725960268326,0.030087572813696485,0.2505
sp_lg_h,all_attempted,fused-clearance,0.022976387193800907,-0.013893739032562049,0.06270390171822741,0.8935
sp_lg_h,returned_only,fused-detector,0.006222771725798881,-0.04300508429663078,0.055857660220965284,0.6085
sp_lg_h,returned_only,fused-inlier_ratio,0.06537584402063779,0.027103294413455617,0.10885079213625869,0.999
sp_lg_h,returned_only,clearance-perspective,0.0007781536794562172,-0.0013081757158365625,0.0035632586740617905,0.7155
sp_lg_h,returned_only,clearance-detector,-0.016835292133961288,-0.0639517200139926,0.029863225376056738,0.248
sp_lg_h,returned_only,fused-clearance,0.02305806385976017,-0.01373791864214916,0.06275987108644022,0.891
superretina,all_attempted,fused-inlier_ratio,0.045710540823744594,0.01405956619878201,0.08045931268244616,0.9975
superretina,all_attempted,clearance-perspective,0.00046783125050542385,-0.0007822870065866017,0.0016053953897097544,0.85
superretina,all_attempted,fused-clearance,0.004513681105439149,-0.02985110641911806,0.036567943919062186,0.605
superretina,returned_only,fused-inlier_ratio,0.05157041144226715,0.01588436931549957,0.08979601429784878,0.9975
superretina,returned_only,clearance-perspective,0.0002923118691345872,-0.002044035576351666,0.001687663224745444,0.736
superretina,returned_only,fused-clearance,0.007087875594005699,-0.031967050295444416,0.04319978852637168,0.637
superretina,with_inliers,fused-inlier_ratio,0.07244127289767965,0.022205372509488737,0.12462042240375071,0.9985
superretina,with_inliers,clearance-perspective,0.0005445793970849655,-0.0020554623095705186,0.002536626965878047,0.755
superretina,with_inliers,fused-clearance,0.016296290929366353,-0.04294010900709758,0.07814178167327746,0.7065
