pipeline,feature_arm,variant,assignments,brier_median,brier_q25,brier_q75,brier_worst,nll_median,nll_worst
sp_lg_h,non_stability,curvature_clipped,21,0.15366608149521738,0.14941189963171933,0.15927483150027405,0.1674316774388078,0.4615561492297051,0.5174171528924779
sp_lg_h,non_stability,curvature_removed,21,0.1536576184155279,0.14940255118986467,0.15927609337757215,0.16743053567172173,0.4612532574297414,0.5170393230518073
sp_lg_h,non_stability,fov_curvature,21,0.1536591129675792,0.1494034169602176,0.15927799524019548,0.16743052526076246,0.46124876643537527,0.5169067556732607
sp_lg_h,non_stability,fov_guard_on_fov,21,0.1536065255195579,0.14940504856215245,0.15928109327702966,0.1674266566393497,0.4613621240368728,0.5170467254267267
sp_lg_h,non_stability,fov_guard_on_rectangle,21,0.1536679891599497,0.1494126337055951,0.15927251851672636,0.17530899060027513,0.46154987255080904,0.5440629256040074
sp_lg_h,non_stability,log_curvature,21,0.15363714902037806,0.14991702469659957,0.15923917575202534,0.16744812932058883,0.46127673127239366,0.5172293099946146
sp_lg_h,non_stability,original,21,0.15367055549170033,0.1494119732692285,0.15927326279500698,0.17528288862094443,0.46155571937110457,0.5439396176135292
sp_lg_h,non_stability,original_isotonic,21,0.16416678662910958,0.1540059780355036,0.1697275880513895,0.17977006711632199,0.784184641016663,1.647323264076777
sp_lg_h,non_stability,pole_guard,21,0.15364375476136205,0.149408192558123,0.1592700266961595,0.16742671968118455,0.46128891306682035,0.5170803385586187
sp_lg_h,non_stability,quantile_curvature,21,0.15128042177731776,0.14894802062387738,0.1552775930756956,0.1658202928803621,0.4548537772188686,0.4902897002673623
sp_lg_h,non_stability,rectangle_guard_on_fov,21,0.15357692847635954,0.14940041476097984,0.15924168433585453,0.16745444144289917,0.46108730210157667,0.5171590641588155
sp_lg_h,non_stability_e1_e2,curvature_clipped,21,0.15431102243236067,0.1497358117446738,0.1592457179526644,0.16975575952014457,0.46860131738649613,0.5263926411356098
sp_lg_h,non_stability_e1_e2,curvature_removed,21,0.15420325461245818,0.14974151813828857,0.15923550030110029,0.16975945449112023,0.4676526193971855,0.5258864689285598
sp_lg_h,non_stability_e1_e2,fov_curvature,21,0.15419789138007922,0.1497304461403628,0.1592351812614546,0.16975804499091499,0.46762736086359524,0.5258477386244942
sp_lg_h,non_stability_e1_e2,fov_guard_on_fov,21,0.1542044741942239,0.14973323655850354,0.15924364366992833,0.16975257073581415,0.4676968232743449,0.525825119710173
sp_lg_h,non_stability_e1_e2,fov_guard_on_rectangle,21,0.15430861990789277,0.14973166562071905,0.1592450396698139,0.16975498544141351,0.4685912510115381,0.5263372317673942
sp_lg_h,non_stability_e1_e2,log_curvature,21,0.15430371077872826,0.14971571048499302,0.15922187786040673,0.16977919423182675,0.4682065527003173,0.5262909558260488
sp_lg_h,non_stability_e1_e2,original,21,0.15431186409400682,0.1497358694389776,0.15924570518118575,0.16975772544042245,0.46859380068151424,0.5263266112364666
sp_lg_h,non_stability_e1_e2,original_isotonic,21,0.16146133237934862,0.15536694338597998,0.1696444351762201,0.1900530651679607,0.8087841711928752,1.677292017957341
sp_lg_h,non_stability_e1_e2,pole_guard,21,0.15421945309124593,0.15087248519737637,0.15924214068214698,0.16975088881508224,0.4678076231076521,0.5260321824019496
sp_lg_h,non_stability_e1_e2,quantile_curvature,21,0.15132249132721168,0.15024885697009716,0.15577508987311234,0.17024826739208493,0.4623913855263374,0.5042599791122768
sp_lg_h,non_stability_e1_e2,rectangle_guard_on_fov,21,0.15421521588086612,0.15079859112372476,0.1592214858297484,0.169775989084255,0.4676197608137834,0.525960896075289
xfeat_h,non_stability,curvature_clipped,21,0.16877075350210843,0.1643621274880368,0.17463452588477835,0.17936357323899257,0.5140971603236745,0.5587080964349556
xfeat_h,non_stability,curvature_removed,21,0.16875637518366035,0.16523115026482332,0.17460782000624497,0.18099749231011414,0.514112632064379,0.5587085594162227
xfeat_h,non_stability,fov_curvature,21,0.17808222772359072,0.1659051352765095,0.1817975723174601,0.20658218302445508,0.5361247327217359,0.5994193169137594
xfeat_h,non_stability,fov_guard_on_fov,21,0.1688067596119266,0.16436567019029674,0.17460974463523815,0.1810037242557038,0.5140081195485844,0.558709311704509
xfeat_h,non_stability,fov_guard_on_rectangle,21,0.1795134031641014,0.17322185035805782,0.18271008320177123,0.20658307138656895,0.5386240411176266,0.5994214965840156
xfeat_h,non_stability,log_curvature,21,0.1688370422542252,0.165287084627812,0.17464203062701217,0.18106720198662907,0.514019407610869,0.5587517257140333
xfeat_h,non_stability,original,21,0.17965245797234808,0.17336098841447273,0.1880947894558119,0.2063222653837975,0.5467252387928576,0.6025316994223429
xfeat_h,non_stability,original_isotonic,21,0.17060941156410758,0.16587311367735455,0.17516605620963596,0.18381365470699773,0.9682101793994706,1.574634888098583
xfeat_h,non_stability,pole_guard,21,0.16944688776232342,0.16458978639300836,0.1746106912835842,0.1793678951843672,0.5179601330837331,0.5587009415475284
xfeat_h,non_stability,quantile_curvature,21,0.16470346310321596,0.16203462321499143,0.17257337368715842,0.17687943854608068,0.5086468038803142,0.5542305372662629
xfeat_h,non_stability,rectangle_guard_on_fov,21,0.1688084252056563,0.16401192122933209,0.17459979595807487,0.18118152957873632,0.5139670511314733,0.5587418692932463
xfeat_h,non_stability_e1_e2,curvature_clipped,21,0.16912588866010428,0.16555421005742227,0.17408826957143106,0.17975125595655517,0.5196289764782337,0.5535586149948789
xfeat_h,non_stability_e1_e2,curvature_removed,21,0.16911870479665714,0.16396314412931481,0.17408818870250517,0.1797502776868534,0.5195448509210634,0.553556773409599
xfeat_h,non_stability_e1_e2,fov_curvature,21,0.17287011713550315,0.16678125419198375,0.17842741207157153,0.20275534566987047,0.522595834745194,0.5861149455283987
xfeat_h,non_stability_e1_e2,fov_guard_on_fov,21,0.16915060976205842,0.16395411422600217,0.17409108978503268,0.17975528924784323,0.5196475415543935,0.5535717138037102
xfeat_h,non_stability_e1_e2,fov_guard_on_rectangle,21,0.1732549523757601,0.16699166563976595,0.17842188864898173,0.20275373080751377,0.5306016623002099,0.5861115256235467
xfeat_h,non_stability_e1_e2,log_curvature,21,0.16915945475468902,0.16398871085767996,0.17411546100999828,0.17982405107502908,0.5198285131013224,0.5536298170750482
xfeat_h,non_stability_e1_e2,original,21,0.17339593894130303,0.1672160217554582,0.17842238120028875,0.20274058874969603,0.5345359641247329,0.5860848536356698
xfeat_h,non_stability_e1_e2,original_isotonic,21,0.16995213393881287,0.1684540979540724,0.17751792174073983,0.1864449192341727,0.989451005746991,1.3708468372782279
xfeat_h,non_stability_e1_e2,pole_guard,21,0.1709041377061934,0.16550029233471122,0.17407936767060936,0.17977675693761042,0.520910221577849,0.5535575043876857
xfeat_h,non_stability_e1_e2,quantile_curvature,21,0.166526523527526,0.16125499297332851,0.17040523562170823,0.17591093997106,0.5115052465726548,0.5496634270188879
xfeat_h,non_stability_e1_e2,rectangle_guard_on_fov,21,0.16885751775745894,0.1640108812602361,0.17404794275101682,0.17990923697723776,0.5195513330577153,0.5536348025411666
