pipeline,dataset,group_id,pairs,crossings,crossing_failures
xfeat_h,COph100,COph100/patient/001,3,0,0
xfeat_h,COph100,COph100/patient/002,6,0,0
xfeat_h,COph100,COph100/patient/003,2,0,0
xfeat_h,COph100,COph100/patient/004,1,0,0
xfeat_h,COph100,COph100/patient/005,6,0,0
xfeat_h,COph100,COph100/patient/007,3,0,0
xfeat_h,COph100,COph100/patient/008,12,0,0
xfeat_h,COph100,COph100/patient/009,2,0,0
xfeat_h,COph100,COph100/patient/010,10,0,0
xfeat_h,COph100,COph100/patient/011,6,0,0
xfeat_h,COph100,COph100/patient/012,2,0,0
xfeat_h,COph100,COph100/patient/013,6,0,0
xfeat_h,COph100,COph100/patient/014,2,0,0
xfeat_h,COph100,COph100/patient/016,1,0,0
xfeat_h,COph100,COph100/patient/017,2,0,0
xfeat_h,COph100,COph100/patient/019,3,0,0
xfeat_h,COph100,COph100/patient/020,4,0,0
xfeat_h,COph100,COph100/patient/021,6,0,0
xfeat_h,COph100,COph100/patient/022,2,0,0
xfeat_h,COph100,COph100/patient/023,1,0,0
xfeat_h,COph100,COph100/patient/024,2,0,0
xfeat_h,COph100,COph100/patient/025,2,0,0
xfeat_h,COph100,COph100/patient/026,20,0,0
xfeat_h,COph100,COph100/patient/027,6,0,0
xfeat_h,COph100,COph100/patient/028,6,0,0
xfeat_h,COph100,COph100/patient/031,72,0,0
xfeat_h,COph100,COph100/patient/033,3,0,0
xfeat_h,COph100,COph100/patient/036,2,0,0
xfeat_h,COph100,COph100/patient/040,6,0,0
xfeat_h,COph100,COph100/patient/041,6,0,0
xfeat_h,COph100,COph100/patient/044,6,0,0
xfeat_h,COph100,COph100/patient/045,2,0,0
xfeat_h,COph100,COph100/patient/047,6,0,0
xfeat_h,COph100,COph100/patient/048,6,0,0
xfeat_h,COph100,COph100/patient/049,6,0,0
xfeat_h,COph100,COph100/patient/050,6,0,0
xfeat_h,COph100,COph100/patient/051,12,0,0
xfeat_h,COph100,COph100/patient/052,56,0,0
xfeat_h,COph100,COph100/patient/054,2,0,0
xfeat_h,COph100,COph100/patient/055,72,2,2
xfeat_h,COph100,COph100/patient/056,6,0,0
xfeat_h,COph100,COph100/patient/057,6,0,0
xfeat_h,COph100,COph100/patient/058,6,0,0
xfeat_h,COph100,COph100/patient/059,6,0,0
xfeat_h,COph100,COph100/patient/061,6,0,0
xfeat_h,COph100,COph100/patient/062,2,0,0
xfeat_h,COph100,COph100/patient/063,1,0,0
xfeat_h,COph100,COph100/patient/064,6,0,0
xfeat_h,COph100,COph100/patient/065,6,0,0
xfeat_h,COph100,COph100/patient/066,21,0,0
xfeat_h,COph100,COph100/patient/067,2,0,0
xfeat_h,COph100,COph100/patient/068,2,0,0
xfeat_h,COph100,COph100/patient/069,12,0,0
xfeat_h,COph100,COph100/patient/070,12,0,0
xfeat_h,COph100,COph100/patient/071,12,0,0
xfeat_h,COph100,COph100/patient/076,6,0,0
xfeat_h,FIRE,FIRE/image_component/cc0000,1,0,0
xfeat_h,FIRE,FIRE/image_component/cc0001,5,0,0
xfeat_h,FIRE,FIRE/image_component/cc0002,3,0,0
xfeat_h,FIRE,FIRE/image_component/cc0003,4,0,0
xfeat_h,FIRE,FIRE/image_component/cc0004,2,0,0
xfeat_h,FIRE,FIRE/image_component/cc0005,2,0,0
xfeat_h,FIRE,FIRE/image_component/cc0006,2,0,0
xfeat_h,FIRE,FIRE/image_component/cc0007,1,0,0
xfeat_h,FIRE,FIRE/image_component/cc0008,3,0,0
xfeat_h,FIRE,FIRE/image_component/cc0009,5,0,0
xfeat_h,FIRE,FIRE/image_component/cc0010,5,0,0
xfeat_h,FIRE,FIRE/image_component/cc0011,6,0,0
xfeat_h,FIRE,FIRE/image_component/cc0012,1,0,0
xfeat_h,FIRE,FIRE/image_component/cc0013,3,0,0
xfeat_h,FIRE,FIRE/image_component/cc0014,1,0,0
xfeat_h,FIRE,FIRE/image_component/cc0015,1,0,0
xfeat_h,FIRE,FIRE/image_component/cc0016,2,0,0
xfeat_h,FIRE,FIRE/image_component/cc0017,1,0,0
xfeat_h,FIRE,FIRE/image_component/cc0018,1,0,0
xfeat_h,FIRE,FIRE/image_component/cc0019,1,0,0
xfeat_h,FIRE,FIRE/image_component/cc0020,2,0,0
xfeat_h,FIRE,FIRE/image_component/cc0021,1,0,0
xfeat_h,FIRE,FIRE/image_component/cc0022,1,0,0
xfeat_h,FIRE,FIRE/image_component/cc0023,2,0,0
xfeat_h,FIRE,FIRE/image_component/cc0024,1,0,0
xfeat_h,FIRE,FIRE/image_component/cc0025,1,0,0
xfeat_h,FIRE,FIRE/image_component/cc0026,1,0,0
xfeat_h,FIRE,FIRE/image_component/cc0027,1,0,0
xfeat_h,FIRE,FIRE/image_component/cc0028,1,0,0
xfeat_h,FIRE,FIRE/image_component/cc0029,1,0,0
xfeat_h,FIRE,FIRE/image_component/cc0030,1,0,0
xfeat_h,FIRE,FIRE/image_component/cc0031,9,0,0
xfeat_h,FIRE,FIRE/image_component/cc0032,3,0,0
xfeat_h,FIRE,FIRE/image_component/cc0033,3,0,0
xfeat_h,FIRE,FIRE/image_component/cc0034,36,0,0
xfeat_h,FIRE,FIRE/image_component/cc0035,3,0,0
xfeat_h,FIRE,FIRE/image_component/cc0036,6,0,0
xfeat_h,FIRE,FIRE/image_component/cc0037,1,0,0
xfeat_h,FIRE,FIRE/image_component/cc0038,3,0,0
xfeat_h,FIRE,FIRE/image_component/cc0039,1,0,0
xfeat_h,FIRE,FIRE/image_component/cc0040,3,0,0
xfeat_h,FIRE,FIRE/image_component/cc0041,3,0,0
sp_lg_h,COph100,COph100/patient/001,3,0,0
sp_lg_h,COph100,COph100/patient/002,6,0,0
sp_lg_h,COph100,COph100/patient/003,2,0,0
sp_lg_h,COph100,COph100/patient/004,1,0,0
sp_lg_h,COph100,COph100/patient/005,6,0,0
sp_lg_h,COph100,COph100/patient/007,3,0,0
sp_lg_h,COph100,COph100/patient/008,12,0,0
sp_lg_h,COph100,COph100/patient/009,2,0,0
sp_lg_h,COph100,COph100/patient/010,10,0,0
sp_lg_h,COph100,COph100/patient/011,6,0,0
sp_lg_h,COph100,COph100/patient/012,2,0,0
sp_lg_h,COph100,COph100/patient/013,6,0,0
sp_lg_h,COph100,COph100/patient/014,2,0,0
sp_lg_h,COph100,COph100/patient/016,1,0,0
sp_lg_h,COph100,COph100/patient/017,2,0,0
sp_lg_h,COph100,COph100/patient/019,3,0,0
sp_lg_h,COph100,COph100/patient/020,4,0,0
sp_lg_h,COph100,COph100/patient/021,6,0,0
sp_lg_h,COph100,COph100/patient/022,2,0,0
sp_lg_h,COph100,COph100/patient/023,1,0,0
sp_lg_h,COph100,COph100/patient/024,2,0,0
sp_lg_h,COph100,COph100/patient/025,2,0,0
sp_lg_h,COph100,COph100/patient/026,20,2,2
sp_lg_h,COph100,COph100/patient/027,6,0,0
sp_lg_h,COph100,COph100/patient/028,6,0,0
sp_lg_h,COph100,COph100/patient/031,72,0,0
sp_lg_h,COph100,COph100/patient/033,3,1,1
sp_lg_h,COph100,COph100/patient/036,2,0,0
sp_lg_h,COph100,COph100/patient/040,6,0,0
sp_lg_h,COph100,COph100/patient/041,6,0,0
sp_lg_h,COph100,COph100/patient/044,6,0,0
sp_lg_h,COph100,COph100/patient/045,2,0,0
sp_lg_h,COph100,COph100/patient/047,6,0,0
sp_lg_h,COph100,COph100/patient/048,6,0,0
sp_lg_h,COph100,COph100/patient/049,6,0,0
sp_lg_h,COph100,COph100/patient/050,6,0,0
sp_lg_h,COph100,COph100/patient/051,12,0,0
sp_lg_h,COph100,COph100/patient/052,56,2,2
sp_lg_h,COph100,COph100/patient/054,2,0,0
sp_lg_h,COph100,COph100/patient/055,72,5,5
sp_lg_h,COph100,COph100/patient/056,6,0,0
sp_lg_h,COph100,COph100/patient/057,6,0,0
sp_lg_h,COph100,COph100/patient/058,6,0,0
sp_lg_h,COph100,COph100/patient/059,6,0,0
sp_lg_h,COph100,COph100/patient/061,6,0,0
sp_lg_h,COph100,COph100/patient/062,2,0,0
sp_lg_h,COph100,COph100/patient/063,1,0,0
sp_lg_h,COph100,COph100/patient/064,6,0,0
sp_lg_h,COph100,COph100/patient/065,6,0,0
sp_lg_h,COph100,COph100/patient/066,21,0,0
sp_lg_h,COph100,COph100/patient/067,2,0,0
sp_lg_h,COph100,COph100/patient/068,2,0,0
sp_lg_h,COph100,COph100/patient/069,12,0,0
sp_lg_h,COph100,COph100/patient/070,12,0,0
sp_lg_h,COph100,COph100/patient/071,12,0,0
sp_lg_h,COph100,COph100/patient/076,6,0,0
sp_lg_h,FIRE,FIRE/image_component/cc0000,1,0,0
sp_lg_h,FIRE,FIRE/image_component/cc0001,5,0,0
sp_lg_h,FIRE,FIRE/image_component/cc0002,3,0,0
sp_lg_h,FIRE,FIRE/image_component/cc0003,4,0,0
sp_lg_h,FIRE,FIRE/image_component/cc0004,2,0,0
sp_lg_h,FIRE,FIRE/image_component/cc0005,2,0,0
sp_lg_h,FIRE,FIRE/image_component/cc0006,2,0,0
sp_lg_h,FIRE,FIRE/image_component/cc0007,1,0,0
sp_lg_h,FIRE,FIRE/image_component/cc0008,3,0,0
sp_lg_h,FIRE,FIRE/image_component/cc0009,5,0,0
sp_lg_h,FIRE,FIRE/image_component/cc0010,5,0,0
sp_lg_h,FIRE,FIRE/image_component/cc0011,6,0,0
sp_lg_h,FIRE,FIRE/image_component/cc0012,1,0,0
sp_lg_h,FIRE,FIRE/image_component/cc0013,3,0,0
sp_lg_h,FIRE,FIRE/image_component/cc0014,1,0,0
sp_lg_h,FIRE,FIRE/image_component/cc0015,1,0,0
sp_lg_h,FIRE,FIRE/image_component/cc0016,2,0,0
sp_lg_h,FIRE,FIRE/image_component/cc0017,1,0,0
sp_lg_h,FIRE,FIRE/image_component/cc0018,1,0,0
sp_lg_h,FIRE,FIRE/image_component/cc0019,1,0,0
sp_lg_h,FIRE,FIRE/image_component/cc0020,2,0,0
sp_lg_h,FIRE,FIRE/image_component/cc0021,1,0,0
sp_lg_h,FIRE,FIRE/image_component/cc0022,1,0,0
sp_lg_h,FIRE,FIRE/image_component/cc0023,2,0,0
sp_lg_h,FIRE,FIRE/image_component/cc0024,1,0,0
sp_lg_h,FIRE,FIRE/image_component/cc0025,1,0,0
sp_lg_h,FIRE,FIRE/image_component/cc0026,1,0,0
sp_lg_h,FIRE,FIRE/image_component/cc0027,1,0,0
sp_lg_h,FIRE,FIRE/image_component/cc0028,1,0,0
sp_lg_h,FIRE,FIRE/image_component/cc0029,1,0,0
sp_lg_h,FIRE,FIRE/image_component/cc0030,1,0,0
sp_lg_h,FIRE,FIRE/image_component/cc0031,9,0,0
sp_lg_h,FIRE,FIRE/image_component/cc0032,3,0,0
sp_lg_h,FIRE,FIRE/image_component/cc0033,3,0,0
sp_lg_h,FIRE,FIRE/image_component/cc0034,36,0,0
sp_lg_h,FIRE,FIRE/image_component/cc0035,3,0,0
sp_lg_h,FIRE,FIRE/image_component/cc0036,6,0,0
sp_lg_h,FIRE,FIRE/image_component/cc0037,1,0,0
sp_lg_h,FIRE,FIRE/image_component/cc0038,3,0,0
sp_lg_h,FIRE,FIRE/image_component/cc0039,1,0,0
sp_lg_h,FIRE,FIRE/image_component/cc0040,3,0,0
sp_lg_h,FIRE,FIRE/image_component/cc0041,3,0,0
superretina,COph100,COph100/patient/001,3,0,0
superretina,COph100,COph100/patient/002,6,4,4
superretina,COph100,COph100/patient/003,2,0,0
superretina,COph100,COph100/patient/004,1,0,0
superretina,COph100,COph100/patient/005,6,0,0
superretina,COph100,COph100/patient/007,3,0,0
superretina,COph100,COph100/patient/008,12,3,3
superretina,COph100,COph100/patient/009,2,0,0
superretina,COph100,COph100/patient/010,10,0,0
superretina,COph100,COph100/patient/011,6,1,1
superretina,COph100,COph100/patient/012,2,0,0
superretina,COph100,COph100/patient/013,6,0,0
superretina,COph100,COph100/patient/014,2,0,0
superretina,COph100,COph100/patient/016,1,1,1
superretina,COph100,COph100/patient/017,2,1,1
superretina,COph100,COph100/patient/019,3,2,2
superretina,COph100,COph100/patient/020,4,2,2
superretina,COph100,COph100/patient/021,6,0,0
superretina,COph100,COph100/patient/022,2,1,1
superretina,COph100,COph100/patient/023,1,0,0
superretina,COph100,COph100/patient/024,2,0,0
superretina,COph100,COph100/patient/025,2,0,0
superretina,COph100,COph100/patient/026,20,5,5
superretina,COph100,COph100/patient/027,6,1,1
superretina,COph100,COph100/patient/028,6,2,2
superretina,COph100,COph100/patient/031,72,10,10
superretina,COph100,COph100/patient/033,3,1,1
superretina,COph100,COph100/patient/036,2,1,1
superretina,COph100,COph100/patient/040,6,2,2
superretina,COph100,COph100/patient/041,6,0,0
superretina,COph100,COph100/patient/044,6,1,1
superretina,COph100,COph100/patient/045,2,1,1
superretina,COph100,COph100/patient/047,6,2,2
superretina,COph100,COph100/patient/048,6,1,1
superretina,COph100,COph100/patient/049,6,0,0
superretina,COph100,COph100/patient/050,6,1,1
superretina,COph100,COph100/patient/051,12,3,3
superretina,COph100,COph100/patient/052,56,9,9
superretina,COph100,COph100/patient/054,2,1,1
superretina,COph100,COph100/patient/055,72,9,9
superretina,COph100,COph100/patient/056,6,1,1
superretina,COph100,COph100/patient/057,6,0,0
superretina,COph100,COph100/patient/058,6,3,3
superretina,COph100,COph100/patient/059,6,2,2
superretina,COph100,COph100/patient/061,6,2,2
superretina,COph100,COph100/patient/062,2,2,2
superretina,COph100,COph100/patient/063,1,0,0
superretina,COph100,COph100/patient/064,6,1,1
superretina,COph100,COph100/patient/065,6,1,1
superretina,COph100,COph100/patient/066,21,3,3
superretina,COph100,COph100/patient/067,2,1,1
superretina,COph100,COph100/patient/068,2,1,1
superretina,COph100,COph100/patient/069,12,2,2
superretina,COph100,COph100/patient/070,12,1,1
superretina,COph100,COph100/patient/071,12,1,1
superretina,COph100,COph100/patient/076,6,2,2
superretina,FIRE,FIRE/image_component/cc0000,1,0,0
superretina,FIRE,FIRE/image_component/cc0001,5,0,0
superretina,FIRE,FIRE/image_component/cc0002,3,0,0
superretina,FIRE,FIRE/image_component/cc0003,4,0,0
superretina,FIRE,FIRE/image_component/cc0004,2,0,0
superretina,FIRE,FIRE/image_component/cc0005,2,0,0
superretina,FIRE,FIRE/image_component/cc0006,2,0,0
superretina,FIRE,FIRE/image_component/cc0007,1,0,0
superretina,FIRE,FIRE/image_component/cc0008,3,0,0
superretina,FIRE,FIRE/image_component/cc0009,5,0,0
superretina,FIRE,FIRE/image_component/cc0010,5,0,0
superretina,FIRE,FIRE/image_component/cc0011,6,0,0
superretina,FIRE,FIRE/image_component/cc0012,1,0,0
superretina,FIRE,FIRE/image_component/cc0013,3,0,0
superretina,FIRE,FIRE/image_component/cc0014,1,0,0
superretina,FIRE,FIRE/image_component/cc0015,1,0,0
superretina,FIRE,FIRE/image_component/cc0016,2,0,0
superretina,FIRE,FIRE/image_component/cc0017,1,0,0
superretina,FIRE,FIRE/image_component/cc0018,1,0,0
superretina,FIRE,FIRE/image_component/cc0019,1,0,0
superretina,FIRE,FIRE/image_component/cc0020,2,0,0
superretina,FIRE,FIRE/image_component/cc0021,1,0,0
superretina,FIRE,FIRE/image_component/cc0022,1,0,0
superretina,FIRE,FIRE/image_component/cc0023,2,0,0
superretina,FIRE,FIRE/image_component/cc0024,1,0,0
superretina,FIRE,FIRE/image_component/cc0025,1,0,0
superretina,FIRE,FIRE/image_component/cc0026,1,0,0
superretina,FIRE,FIRE/image_component/cc0027,1,0,0
superretina,FIRE,FIRE/image_component/cc0028,1,0,0
superretina,FIRE,FIRE/image_component/cc0029,1,0,0
superretina,FIRE,FIRE/image_component/cc0030,1,0,0
superretina,FIRE,FIRE/image_component/cc0031,9,0,0
superretina,FIRE,FIRE/image_component/cc0032,3,0,0
superretina,FIRE,FIRE/image_component/cc0033,3,0,0
superretina,FIRE,FIRE/image_component/cc0034,36,0,0
superretina,FIRE,FIRE/image_component/cc0035,3,0,0
superretina,FIRE,FIRE/image_component/cc0036,6,0,0
superretina,FIRE,FIRE/image_component/cc0037,1,0,0
superretina,FIRE,FIRE/image_component/cc0038,3,0,0
superretina,FIRE,FIRE/image_component/cc0039,1,0,0
superretina,FIRE,FIRE/image_component/cc0040,3,0,0
superretina,FIRE,FIRE/image_component/cc0041,3,0,0
