pipeline,threshold,failure_rate,clearance_auroc,inlier_ratio_auroc,fused_auroc,rho_le_1,rho_le_1_failed,crossings,crossings_failed
xfeat_h,0.0025,0.8432,0.9027148040760379,0.9558381050144831,0.9607153970495359,21,21,2,2
xfeat_h,0.005,0.5472,0.778409541871854,0.8480704027700416,0.8549072734359375,21,20,2,2
xfeat_h,0.01,0.2112,0.7008259552827453,0.8628472543219096,0.831675021610776,21,17,2,2
xfeat_h,0.02,0.064,0.46909329522744925,0.9083837952112097,0.7480288843283127,21,10,2,1
sp_lg_h,0.0025,0.7952,0.9195326705950005,0.9261026838683358,0.9538175734791928,40,40,10,10
sp_lg_h,0.005,0.456,0.8225360952856188,0.7819069880149704,0.8455124824794197,40,40,10,10
sp_lg_h,0.01,0.1712,0.895815896856352,0.6564383713093106,0.8190979410293612,40,38,10,10
sp_lg_h,0.02,0.0816,0.9364223995653661,0.5578711636212216,0.7937088530449394,40,31,10,10
superretina,0.0025,0.8048,0.8954929559530043,0.615862515228405,0.8235742255427796,107,107,88,88
superretina,0.005,0.5344,0.851952461034958,0.8107556013166526,0.8564661421403972,107,107,88,88
superretina,0.01,0.3392,0.9541452148303533,0.9167937851466058,0.9491658343044002,107,106,88,88
superretina,0.02,0.2784,0.9852476227824691,0.9492541909129912,0.977153302015703,107,106,88,88
