pipeline_id,pair_id,dataset_category,status,tre_px_for_curve
xfeat_h,FIRE/A01,A,ok,3.289977929314694
xfeat_h,FIRE/A02,A,ok,12.84034620127835
xfeat_h,FIRE/A03,A,ok,6.88260275942218
xfeat_h,FIRE/A04,A,ok,3.761555536400678
xfeat_h,FIRE/A05,A,ok,12.680878288315494
xfeat_h,FIRE/A06,A,ok,7.221480990753124
xfeat_h,FIRE/A07,A,ok,9.657406704226204
xfeat_h,FIRE/A08,A,ok,24.984085969249904
xfeat_h,FIRE/A09,A,ok,6.517819298735385
xfeat_h,FIRE/A10,A,ok,4.440338420955921
xfeat_h,FIRE/A11,A,ok,4.752198017117427
xfeat_h,FIRE/A12,A,ok,4.778776932362593
xfeat_h,FIRE/A13,A,ok,8.474479859626472
xfeat_h,FIRE/A14,A,ok,6.551545622801318
xfeat_h,FIRE/P01,P,ok,10.47838165779003
xfeat_h,FIRE/P02,P,ok,8.26091497709949
xfeat_h,FIRE/P03,P,ok,10.195893085927526
xfeat_h,FIRE/P04,P,ok,22.694611136781752
xfeat_h,FIRE/P05,P,ok,23.785052104011577
xfeat_h,FIRE/P06,P,ok,16.134654641195638
xfeat_h,FIRE/P07,P,ok,15.726156514212747
xfeat_h,FIRE/P08,P,ok,20.90336857699952
xfeat_h,FIRE/P09,P,ok,33.588436425858575
xfeat_h,FIRE/P10,P,ok,19.567211828425513
xfeat_h,FIRE/P11,P,ok,28.472917481658023
xfeat_h,FIRE/P12,P,ok,29.805357351434928
xfeat_h,FIRE/P13,P,ok,17.242355683189054
xfeat_h,FIRE/P14,P,ok,23.434390418584414
xfeat_h,FIRE/P15,P,ok,21.311337626965663
xfeat_h,FIRE/P16,P,ok,18.716035290507637
xfeat_h,FIRE/P17,P,ok,19.437462746012976
xfeat_h,FIRE/P18,P,ok,22.058704838366094
xfeat_h,FIRE/P19,P,ok,8.630033254257112
xfeat_h,FIRE/P20,P,ok,12.325573104367477
xfeat_h,FIRE/P21,P,ok,11.725443621272154
xfeat_h,FIRE/P22,P,ok,26.772444371715046
xfeat_h,FIRE/P23,P,ok,48.532712280287676
xfeat_h,FIRE/P24,P,ok,11.174538578382123
xfeat_h,FIRE/P25,P,ok,16.214088825437386
xfeat_h,FIRE/P26,P,ok,31.806605881789306
xfeat_h,FIRE/P27,P,ok,31.211323499924283
xfeat_h,FIRE/P28,P,ok,16.374882991339973
xfeat_h,FIRE/P29,P,ok,30.05386900278655
xfeat_h,FIRE/P30,P,ok,21.398530533869966
xfeat_h,FIRE/P31,P,ok,15.943032772622207
xfeat_h,FIRE/P32,P,ok,10.927693567846655
xfeat_h,FIRE/P33,P,ok,14.846745784584481
xfeat_h,FIRE/P34,P,ok,21.658917342243466
xfeat_h,FIRE/P35,P,ok,29.857637277839284
xfeat_h,FIRE/P36,P,ok,18.13461835673682
xfeat_h,FIRE/P37,P,ok,26.367143403927372
xfeat_h,FIRE/P38,P,ok,19.36206327156331
xfeat_h,FIRE/P39,P,ok,10.670396583057974
xfeat_h,FIRE/P40,P,ok,22.0420678156189
xfeat_h,FIRE/P41,P,ok,26.103261994518583
xfeat_h,FIRE/P42,P,ok,35.72459763101896
xfeat_h,FIRE/P43,P,ok,32.432031398905636
xfeat_h,FIRE/P44,P,ok,26.258763784560102
xfeat_h,FIRE/P45,P,ok,22.781330000588202
xfeat_h,FIRE/P46,P,ok,17.92148626976453
xfeat_h,FIRE/P47,P,ok,14.67499539746891
xfeat_h,FIRE/P48,P,ok,18.621848020627763
xfeat_h,FIRE/P49,P,ok,18.427952006835092
xfeat_h,FIRE/S01,S,ok,5.504309357674838
xfeat_h,FIRE/S02,S,ok,6.54336448398289
xfeat_h,FIRE/S03,S,ok,7.394157003963315
xfeat_h,FIRE/S04,S,ok,3.9227902717035703
xfeat_h,FIRE/S05,S,ok,5.431255257000219
xfeat_h,FIRE/S06,S,ok,6.310478385248846
xfeat_h,FIRE/S07,S,ok,2.2065394890104955
xfeat_h,FIRE/S08,S,ok,3.375702880442109
xfeat_h,FIRE/S09,S,ok,2.206322610207489
xfeat_h,FIRE/S10,S,ok,3.945400352595037
xfeat_h,FIRE/S11,S,ok,3.2767119964884883
xfeat_h,FIRE/S12,S,ok,3.774500611375859
xfeat_h,FIRE/S13,S,ok,4.247758424498801
xfeat_h,FIRE/S14,S,ok,2.4893407645661614
xfeat_h,FIRE/S15,S,ok,2.5616856876604994
xfeat_h,FIRE/S16,S,ok,2.673376824694258
xfeat_h,FIRE/S17,S,ok,3.7217317230663505
xfeat_h,FIRE/S18,S,ok,2.819153282977227
xfeat_h,FIRE/S19,S,ok,4.9921826147333075
xfeat_h,FIRE/S20,S,ok,4.793179638048818
xfeat_h,FIRE/S21,S,ok,2.4773869602052727
xfeat_h,FIRE/S22,S,ok,1.8001884560298023
xfeat_h,FIRE/S23,S,ok,4.058650365716731
xfeat_h,FIRE/S24,S,ok,4.437959549525682
xfeat_h,FIRE/S25,S,ok,4.4420684600644345
xfeat_h,FIRE/S26,S,ok,9.225317765138493
xfeat_h,FIRE/S27,S,ok,2.5437325334556573
xfeat_h,FIRE/S28,S,ok,2.6548044966316144
xfeat_h,FIRE/S29,S,ok,5.375939961621384
xfeat_h,FIRE/S30,S,ok,3.242450856991097
xfeat_h,FIRE/S31,S,ok,2.680604131407472
xfeat_h,FIRE/S32,S,ok,4.46986647528307
xfeat_h,FIRE/S33,S,ok,4.188042899777111
xfeat_h,FIRE/S34,S,ok,5.387409477397641
xfeat_h,FIRE/S35,S,ok,2.829563869296396
xfeat_h,FIRE/S36,S,ok,4.090872691222312
xfeat_h,FIRE/S37,S,ok,2.8672587340360653
xfeat_h,FIRE/S38,S,ok,5.0329977669682275
xfeat_h,FIRE/S39,S,ok,2.5041979454074124
xfeat_h,FIRE/S40,S,ok,3.487179068106466
xfeat_h,FIRE/S41,S,ok,2.552947158947136
xfeat_h,FIRE/S42,S,ok,4.355868716622149
xfeat_h,FIRE/S43,S,ok,3.069939027474884
xfeat_h,FIRE/S44,S,ok,4.514358819882088
xfeat_h,FIRE/S45,S,ok,2.4159943702730016
xfeat_h,FIRE/S46,S,ok,2.806554203811047
xfeat_h,FIRE/S47,S,ok,2.6309278767736424
xfeat_h,FIRE/S48,S,ok,3.219056744626638
xfeat_h,FIRE/S49,S,ok,3.425736709328053
xfeat_h,FIRE/S50,S,ok,2.489513032333521
xfeat_h,FIRE/S51,S,ok,2.66118692667714
xfeat_h,FIRE/S52,S,ok,2.691953062837268
xfeat_h,FIRE/S53,S,ok,5.304922833234029
xfeat_h,FIRE/S54,S,ok,7.341373289418279
xfeat_h,FIRE/S55,S,ok,3.175954059814443
xfeat_h,FIRE/S56,S,ok,3.746454522377978
xfeat_h,FIRE/S57,S,ok,3.229885462525253
xfeat_h,FIRE/S58,S,ok,3.5069294681296412
xfeat_h,FIRE/S59,S,ok,4.844090942078984
xfeat_h,FIRE/S60,S,ok,4.243966748465331
xfeat_h,FIRE/S61,S,ok,2.2429312859235018
xfeat_h,FIRE/S62,S,ok,3.3705293461696897
xfeat_h,FIRE/S63,S,ok,5.604944859264352
xfeat_h,FIRE/S64,S,ok,2.937818614101356
xfeat_h,FIRE/S65,S,ok,6.087696430424428
xfeat_h,FIRE/S66,S,ok,6.1085095243165455
xfeat_h,FIRE/S67,S,ok,2.6297622346149803
xfeat_h,FIRE/S68,S,ok,3.440235404817513
xfeat_h,FIRE/S69,S,ok,6.061161975254786
xfeat_h,FIRE/S70,S,ok,5.1263552591085455
xfeat_h,FIRE/S71,S,ok,6.9654187551426885
sp_lg_h,FIRE/A01,A,ok,3.373819233723836
sp_lg_h,FIRE/A02,A,ok,11.895451983395894
sp_lg_h,FIRE/A03,A,ok,9.882014200742379
sp_lg_h,FIRE/A04,A,ok,5.613591047994116
sp_lg_h,FIRE/A05,A,ok,8.500532823853193
sp_lg_h,FIRE/A06,A,ok,7.550704179703938
sp_lg_h,FIRE/A07,A,ok,6.904466342661246
sp_lg_h,FIRE/A08,A,ok,20.478478371338515
sp_lg_h,FIRE/A09,A,ok,11.527105057526802
sp_lg_h,FIRE/A10,A,ok,5.900351603235969
sp_lg_h,FIRE/A11,A,ok,3.7079926180544853
sp_lg_h,FIRE/A12,A,ok,2.864091056091509
sp_lg_h,FIRE/A13,A,ok,8.489338437254432
sp_lg_h,FIRE/A14,A,ok,6.139728380786737
sp_lg_h,FIRE/P01,P,ok,12.179639600258945
sp_lg_h,FIRE/P02,P,ok,5.1972677661268865
sp_lg_h,FIRE/P03,P,ok,11.898620442311673
sp_lg_h,FIRE/P04,P,ok,25.531807813799325
sp_lg_h,FIRE/P05,P,ok,22.358128693576205
sp_lg_h,FIRE/P06,P,ok,22.777353629180656
sp_lg_h,FIRE/P07,P,ok,26.809875473792765
sp_lg_h,FIRE/P08,P,ok,20.897170583292876
sp_lg_h,FIRE/P09,P,ok,37.75975074768413
sp_lg_h,FIRE/P10,P,ok,27.469383645195858
sp_lg_h,FIRE/P11,P,ok,15.917586446010725
sp_lg_h,FIRE/P12,P,ok,20.41607125024125
sp_lg_h,FIRE/P13,P,ok,16.064719004114274
sp_lg_h,FIRE/P14,P,ok,20.409899852564738
sp_lg_h,FIRE/P15,P,ok,22.739829302724072
sp_lg_h,FIRE/P16,P,ok,11.838785963289217
sp_lg_h,FIRE/P17,P,ok,21.303746017908665
sp_lg_h,FIRE/P18,P,ok,36.973809382860594
sp_lg_h,FIRE/P19,P,ok,8.642016172950397
sp_lg_h,FIRE/P20,P,ok,13.06761030684224
sp_lg_h,FIRE/P21,P,ok,15.673092479800948
sp_lg_h,FIRE/P22,P,ok,18.806056971365567
sp_lg_h,FIRE/P23,P,ok,17.059182192589265
sp_lg_h,FIRE/P24,P,ok,12.101153106769155
sp_lg_h,FIRE/P25,P,ok,14.171921051217272
sp_lg_h,FIRE/P26,P,ok,27.554886271986884
sp_lg_h,FIRE/P27,P,ok,34.15818001880495
sp_lg_h,FIRE/P28,P,ok,14.215023083493438
sp_lg_h,FIRE/P29,P,ok,30.03991649336325
sp_lg_h,FIRE/P30,P,ok,29.529690204795656
sp_lg_h,FIRE/P31,P,ok,16.04800278907002
sp_lg_h,FIRE/P32,P,ok,11.310784594271585
sp_lg_h,FIRE/P33,P,ok,21.941814745799
sp_lg_h,FIRE/P34,P,ok,22.268571548037436
sp_lg_h,FIRE/P35,P,ok,35.29112172392572
sp_lg_h,FIRE/P36,P,ok,24.443105407916086
sp_lg_h,FIRE/P37,P,ok,23.297213605925442
sp_lg_h,FIRE/P38,P,ok,12.507247635656018
sp_lg_h,FIRE/P39,P,ok,14.020213196226768
sp_lg_h,FIRE/P40,P,ok,11.475407770041933
sp_lg_h,FIRE/P41,P,ok,35.37791451444706
sp_lg_h,FIRE/P42,P,ok,30.939903240789864
sp_lg_h,FIRE/P43,P,ok,30.027803034456145
sp_lg_h,FIRE/P44,P,ok,32.139099150602185
sp_lg_h,FIRE/P45,P,ok,18.86825046671524
sp_lg_h,FIRE/P46,P,ok,25.583215731819976
sp_lg_h,FIRE/P47,P,ok,16.58696521661534
sp_lg_h,FIRE/P48,P,ok,24.86418641139565
sp_lg_h,FIRE/P49,P,ok,22.531097568857668
sp_lg_h,FIRE/S01,S,ok,3.2148545996161766
sp_lg_h,FIRE/S02,S,ok,3.5751037701268458
sp_lg_h,FIRE/S03,S,ok,5.042933150680051
sp_lg_h,FIRE/S04,S,ok,4.396245698119252
sp_lg_h,FIRE/S05,S,ok,2.9831111749140744
sp_lg_h,FIRE/S06,S,ok,2.195849062350315
sp_lg_h,FIRE/S07,S,ok,1.7956030488046895
sp_lg_h,FIRE/S08,S,ok,1.3612558939908477
sp_lg_h,FIRE/S09,S,ok,1.8046010529725116
sp_lg_h,FIRE/S10,S,ok,2.2586159342353453
sp_lg_h,FIRE/S11,S,ok,1.5598907491413492
sp_lg_h,FIRE/S12,S,ok,2.585420204819335
sp_lg_h,FIRE/S13,S,ok,2.735701147807787
sp_lg_h,FIRE/S14,S,ok,3.306521491385489
sp_lg_h,FIRE/S15,S,ok,1.373921834155385
sp_lg_h,FIRE/S16,S,ok,2.28997966383577
sp_lg_h,FIRE/S17,S,ok,2.601148506451396
sp_lg_h,FIRE/S18,S,ok,1.7885314756398447
sp_lg_h,FIRE/S19,S,ok,3.137664944169056
sp_lg_h,FIRE/S20,S,ok,3.1039599898059462
sp_lg_h,FIRE/S21,S,ok,2.340127113919205
sp_lg_h,FIRE/S22,S,ok,1.623465582024997
sp_lg_h,FIRE/S23,S,ok,3.013154968222361
sp_lg_h,FIRE/S24,S,ok,3.289508963710343
sp_lg_h,FIRE/S25,S,ok,2.1969216118952017
sp_lg_h,FIRE/S26,S,ok,3.304530521326852
sp_lg_h,FIRE/S27,S,ok,1.7764551719439468
sp_lg_h,FIRE/S28,S,ok,2.8534605934759285
sp_lg_h,FIRE/S29,S,ok,2.274533786713073
sp_lg_h,FIRE/S30,S,ok,2.11214759228576
sp_lg_h,FIRE/S31,S,ok,1.153464682201888
sp_lg_h,FIRE/S32,S,ok,3.219442510316159
sp_lg_h,FIRE/S33,S,ok,3.119076920174116
sp_lg_h,FIRE/S34,S,ok,2.7359927385918943
sp_lg_h,FIRE/S35,S,ok,2.901156330162409
sp_lg_h,FIRE/S36,S,ok,3.3905863458204464
sp_lg_h,FIRE/S37,S,ok,2.4381375265478598
sp_lg_h,FIRE/S38,S,ok,1.836013729879389
sp_lg_h,FIRE/S39,S,ok,2.117585961547468
sp_lg_h,FIRE/S40,S,ok,0.9423345596764786
sp_lg_h,FIRE/S41,S,ok,1.5054692229250173
sp_lg_h,FIRE/S42,S,ok,2.464990923862536
sp_lg_h,FIRE/S43,S,ok,2.765425539762657
sp_lg_h,FIRE/S44,S,ok,2.530637788149722
sp_lg_h,FIRE/S45,S,ok,2.949030156258984
sp_lg_h,FIRE/S46,S,ok,3.9188339081401025
sp_lg_h,FIRE/S47,S,ok,2.595879666368978
sp_lg_h,FIRE/S48,S,ok,1.8003693907264222
sp_lg_h,FIRE/S49,S,ok,2.8209666564103335
sp_lg_h,FIRE/S50,S,ok,4.3116201787425
sp_lg_h,FIRE/S51,S,ok,2.853750324699367
sp_lg_h,FIRE/S52,S,ok,2.866244011997449
sp_lg_h,FIRE/S53,S,ok,5.088434961201571
sp_lg_h,FIRE/S54,S,ok,4.584938383327064
sp_lg_h,FIRE/S55,S,ok,2.61809619680142
sp_lg_h,FIRE/S56,S,ok,1.6407921880824852
sp_lg_h,FIRE/S57,S,ok,1.7351030355616366
sp_lg_h,FIRE/S58,S,ok,4.372880546026951
sp_lg_h,FIRE/S59,S,ok,3.045653357926026
sp_lg_h,FIRE/S60,S,ok,3.5675543909848004
sp_lg_h,FIRE/S61,S,ok,1.8593082293318701
sp_lg_h,FIRE/S62,S,ok,3.5414666321776194
sp_lg_h,FIRE/S63,S,ok,2.922532651927635
sp_lg_h,FIRE/S64,S,ok,3.012357554870827
sp_lg_h,FIRE/S65,S,ok,2.1276309724217732
sp_lg_h,FIRE/S66,S,ok,2.2650765220918325
sp_lg_h,FIRE/S67,S,ok,1.6615608740903312
sp_lg_h,FIRE/S68,S,ok,3.013729134750636
sp_lg_h,FIRE/S69,S,ok,4.5588721687314955
sp_lg_h,FIRE/S70,S,ok,4.301098372811661
sp_lg_h,FIRE/S71,S,ok,10.28916725140173
